"miRNA_reject","adj_pvalues","mu_hat","sd","statistic","regulate"
"hsa-miR-484",1.19917411502895e-05,0.100699803311622,0.225379534760057,4.377737944569,"Up"
"hsa-miR-151-5p",4.60098693596655e-08,0.362921172900386,0.650536993381326,5.46607925146693,"Up"
"hsa-miR-200b",5.90881838068227e-05,-0.57758646099573,1.40900711730214,-4.01642289639646,"Down"
"hsa-miR-132",1.86305300506977e-11,-0.401518982511804,0.58574282968835,-6.71637161802692,"Down"
"hiv1-miR-H1",4.6253103208827e-06,0.262363003217688,0.561136087467862,4.58110251413351,"Up"
"hsa-miR-218-2*",1.67242106448326e-08,-0.0944041754141536,0.16391815243852,-5.64286641626477,"Down"
"hsa-miR-9",5.56867338891471e-34,-1.31752220499126,1.06225918754299,-12.1524282015573,"Down"
"hsa-miR-3911",3.74534149350982e-09,-0.268342333886835,0.446001396576744,-5.89506489849924,"Down"
"hsa-miR-34b*",8.16894830055458e-11,-1.37301427829252,2.07046222744144,-6.4974561656764,"Down"
"hsa-miR-493*",2.41753180517246e-05,0.211999914487885,0.491943949409425,4.22236408544014,"Up"
"hsa-let-7g",1.03977334640375e-12,-0.569836662775957,0.78359705474393,-7.12513683955913,"Down"
"hsa-miR-145*",3.52286156638414e-07,-0.186335094884027,0.358467234633508,-5.09308365776412,"Down"
"hsa-miR-215",8.23375523446345e-06,-0.308031984544616,0.676850254754017,-4.45901397711902,"Down"
"hsa-miR-29a",1.21368087316174e-18,0.785177728002442,0.872887680852254,8.81343537407223,"Up"
"hsa-miR-152",1.36373506416639e-08,0.119703419058438,0.206564593840775,5.67788102903511,"Up"
"hsa-miR-373*",2.35174989943856e-09,-0.241140387980355,0.395664261070009,-5.97143553305788,"Down"
"hsa-miR-3665",1.0491762380485e-05,-0.334155611422312,0.742955488552727,-4.40678213047109,"Down"
"hsa-miR-3926",1.04433049222782e-07,-0.221514026401485,0.408056428917636,-5.31883628930703,"Down"
"hsa-miR-127-3p",3.22836163634696e-18,0.675735010068425,0.760740010723879,8.70313617093487,"Up"
"hsa-miR-449a",1.09473640315935e-17,-3.28855314970087,3.76260134728216,-8.56351918824264,"Down"
"hsa-miR-25",4.54732502802955e-05,0.307257940998957,0.738274609984928,4.07775190795733,"Up"
"hsa-miR-21*",3.22942569966756e-14,0.532818916082967,0.687928880784539,7.58877556190202,"Up"
"hsa-miR-4270",4.75613857423003e-06,0.401952295934078,0.860783079534412,4.57526663517233,"Up"
"hsa-miR-370",2.01653570481589e-05,0.111454419576514,0.256160570152708,4.26305199707782,"Up"
"hsa-miR-521",6.33018855216529e-07,0.308571492545318,0.60699758864312,4.98086134144065,"Up"
"hsa-miR-143",4.73525646834476e-12,-0.770504111568121,1.09200725258197,-6.91329444413817,"Down"
"hsa-miR-99b",4.9021881861919e-26,0.732192286724666,0.679783726141663,10.5533417591893,"Up"
"hsa-miR-378",2.04929920072626e-31,0.934854976546828,0.785588424440988,11.6596304364883,"Up"
"hsa-miR-3911",4.70723546871281e-09,-0.247631505646683,0.414239140929597,-5.8572044323025,"Down"
"hsa-miR-221*",1.35821296923446e-05,0.18334488655789,0.412918416524145,4.35050994136549,"Up"
"hsa-miR-3170",1.26994123517344e-06,-0.145433939101301,0.294144874519953,-4.84440114977458,"Down"
"hsa-miR-324-5p",3.60066845909189e-05,0.294884849318407,0.699290663994719,4.13171489853069,"Up"
"hsa-miR-490-3p",8.22803814341689e-05,-0.0967629960792549,0.240772460336481,-3.9376590835325,"Down"
"hsa-miR-370",2.18821289806496e-14,0.330044420272403,0.423319580124969,7.63905531496002,"Up"
"hsa-miR-143",1.30026693145341e-09,-0.356418034533232,0.575566146478147,-6.06736393427015,"Down"
"hsa-miR-222",1.64452160807228e-11,0.418932686610186,0.609497721364274,6.73453752359441,"Up"
"hsa-miR-135a",1.10585313520214e-05,0.397979563679411,0.887158379206082,4.39536787080761,"Up"
"hsa-miR-140-5p",1.15856869179639e-16,-0.578590332843937,0.684060001617735,-8.28729106933934,"Down"
"hsa-miR-223",4.10137988798027e-06,-0.642498502226129,1.36668066361553,-4.60617767662862,"Down"
"hsa-miR-1224-5p",6.52964166980771e-05,-0.169631772061532,0.416260091269102,-3.9928044453941,"Down"
"hsa-miR-34c-5p",3.54906501683698e-08,-1.20740538855058,2.14627072636946,-5.51193673435337,"Down"
"hsa-miR-3147",4.84184265381556e-06,-0.0849520239257656,0.182074075794196,-4.57152640379277,"Down"
"hsa-miR-379",9.58660923319382e-07,0.225622922649071,0.45115742066109,4.89993966146749,"Up"
"hsa-miR-103a",1.0783801097185e-11,0.434320454225705,0.626204213504102,6.79563295656315,"Up"
"hsa-miR-409-3p",2.5718134404836e-10,0.300206218419381,0.465220546282306,6.32261028550336,"Up"
"kshv-miR-K12-2*",9.12656028902629e-06,-0.0619714946858985,0.136851132168025,-4.43689542565636,"Down"
"hsa-miR-4298",6.28043872042922e-05,-0.242975511993381,0.594865840521128,-4.00201849784407,"Down"
"hsa-miR-452",1.58074710386566e-09,0.40041984967024,0.649993261061668,6.03590451366837,"Up"
"hsa-miR-126",5.67337373918516e-07,-0.359116638940391,0.70343832408452,-5.00201648633272,"Down"
"hsa-miR-551b",1.40352837433289e-13,0.60004311704715,0.79491637069502,7.3959954260323,"Up"
"hsa-miR-30e",5.59395455494708e-10,0.421956674891009,0.666667216106682,6.20146617126603,"Up"
"hsa-miR-100",3.85758575138558e-07,0.697659471359901,1.34669718885064,5.07585441834957,"Up"
"hsa-miR-196a",2.62145257895257e-06,-0.632836420724598,1.31969207970719,-4.69844851010537,"Down"
"hsa-miR-375",1.34912592703157e-30,-0.755390874786675,0.643698879444656,-11.4980607154595,"Down"
"hsa-miR-598",3.97897562647763e-06,0.102099216544919,0.21688212621679,4.61247753395767,"Up"
"hsa-miR-365",1.22671106534524e-08,0.380971612545458,0.655330524230903,5.69597186590296,"Up"
"hsa-miR-409-3p",1.29296308532249e-08,0.223339150346468,0.384784738361924,5.68699226756772,"Up"
"hsa-miR-660",2.49185734655943e-05,-0.369937337879654,0.859826825228672,-4.21553591035141,"Down"
"hsa-miR-186",5.84978072347387e-05,0.226119112433877,0.551286792730503,4.01878988473994,"Up"
"hsa-miR-517a",3.84091166179671e-07,0.280556671809872,0.541472752812185,5.07667790335547,"Up"
"hsa-miR-455-5p",7.7428987658774e-12,-0.303690671330183,0.434816626940887,-6.84322666900546,"Down"
"hsa-miR-3130-3p",7.21651740391783e-07,-0.0804498591364324,0.159066344545866,-4.95544435438311,"Down"
"hsa-miR-663b",2.09126216964082e-08,0.151757753424796,0.265318127689446,5.60427685268401,"Up"
"hsa-miR-135a",1.72708036165447e-05,0.331526003153319,0.755846831968379,4.29753494937678,"Up"
"hsa-miR-3188",2.64217404529979e-16,-0.41360843810509,0.494895815821403,-8.18862956022733,"Down"
"hsa-miR-29b-1*",9.73176646109959e-14,0.278629913336895,0.366714640500663,7.44449268586051,"Up"
"hsa-miR-223",5.58137827352169e-06,-0.719656679794972,1.55255373452681,-4.5416570551626,"Down"
"hsa-miR-92a",9.35349056875248e-13,0.556239875570669,0.763339574537766,7.13969989339226,"Up"
"hsa-miR-449b",3.59669474226912e-17,-1.53769317548775,1.78820491845903,-8.42535130515297,"Down"
"hsa-miR-4294",8.40449491288546e-07,-0.0901162620205488,0.17925363470025,-4.9257324091959,"Down"
"hsa-miR-34a",2.46562973064189e-21,-0.827546882290011,0.855012675249141,-9.48321660495111,"Down"
"hsa-miR-1273e",3.65078321634197e-05,-0.0606570174046122,0.143952914462541,-4.128537237753,"Down"
"hsa-let-7e",2.64114761373896e-14,0.534199895602228,0.687355359623659,7.6147928232636,"Up"
"hsa-miR-125a-5p",8.24094561374359e-09,0.383268498725599,0.65156218325322,5.76345454349615,"Up"
"hsa-miR-1183",1.53452280347335e-06,-0.195242576388213,0.397982836140857,-4.80668656824412,"Down"
"hsa-miR-34a",3.71211775254112e-21,-0.857934364718407,0.890425057028338,-9.44044154989254,"Down"
"hsa-miR-708",8.24382727884343e-05,0.155161805056027,0.386129590321803,3.93719890402297,"Up"
"hsa-miR-224",4.83425782826126e-23,1.08309895687207,1.07355836559628,9.88503231979846,"Up"
"hsa-let-7b",1.49461901527351e-09,-0.551215715177563,0.89343903881999,-6.04494400500613,"Down"
"hsa-miR-7",6.6814896739769e-11,0.90569564437636,1.35944558111582,6.52763809541353,"Up"
"hsa-miR-135a*",1.27035521510895e-05,0.237894862323636,0.533975709807143,4.36515005772846,"Up"
"hsa-miR-135b",4.17600420629549e-05,0.789992800459328,1.8890249187842,4.09751982063449,"Up"
"hsa-miR-224*",9.55477529593883e-06,0.135947721549586,0.300882497038491,4.42701124549435,"Up"
"hsa-miR-140-5p",2.56742854777517e-15,-0.525706602578503,0.651156511195946,-7.91031285774512,"Down"
"hsa-miR-215",1.15528477613686e-05,-0.290384434851938,0.648715384919288,-4.38585987734642,"Down"
"hsa-miR-522",2.87823560605401e-05,0.178010867795786,0.416970600092485,4.18289245978491,"Up"
"hsa-miR-3198",1.44778194333797e-05,0.291321780309312,0.658219212861891,4.33648668269257,"Up"
"hsa-miR-154",1.61666663837745e-06,0.230582124086361,0.471042176742727,4.79624607481537,"Up"
"hsa-miR-382",1.53059261589087e-10,0.251414792737248,0.384760791430895,6.40229430554601,"Up"
"hsa-miR-3065-5p",2.25479458739036e-06,0.192974000911625,0.399809207409488,4.7291340679178,"Up"
"hsa-miR-940",5.11043382862219e-12,-0.71127366593405,1.00964227079408,-6.90247466618832,"Down"
"hsa-miR-127-3p",1.61740685266485e-13,0.359732015860606,0.477779375190423,7.37712784399768,"Up"
"hsa-miR-301b",2.62738418652666e-05,0.384861445390796,0.897060615620141,4.20356950896016,"Up"
"hsa-miR-193a-3p",8.24302742152573e-14,0.451634369093154,0.592669306827581,7.46638128101254,"Up"
"hsa-miR-3154",5.01294537344096e-06,-0.112815467384363,0.242178337022669,-4.56424523485636,"Down"
"hsa-miR-497",4.80802377429176e-09,-0.54334733914814,0.909460628092305,-5.85368378971463,"Down"
"hsa-miR-221",5.90120023076431e-23,0.767548743833544,0.762329650779445,9.86503816654155,"Up"
"hsa-miR-582-5p",2.98441836687599e-06,0.283272370234005,0.594083227816507,4.67188927620349,"Up"
"hsa-miR-449a",5.42139811414298e-19,-2.64885978141403,2.91503608696463,-8.90329268122476,"Down"
"hsa-miR-146a",4.26109709603247e-06,-0.69415406603163,1.47911334803438,-4.5982230284523,"Down"
"hsa-miR-377",2.55613731579127e-06,0.388550621129989,0.809380685941888,4.70360006133516,"Up"
"hsa-miR-193a-5p",4.32351275846677e-05,0.119191418093302,0.285570328266577,4.08947467083883,"Up"
"hsa-let-7d",1.04121296447962e-07,0.367420163843492,0.676764490481746,5.31938028832275,"Up"
"hsa-miR-221",3.81460128070547e-28,1.10843991846168,0.987299290115384,11.0001586669671,"Up"
"hsa-miR-96",1.39531483655944e-05,-0.60461230279348,1.36352493261141,-4.34459715002575,"Down"
"hsa-miR-34c-3p",1.73597224166857e-05,-0.288713253713637,0.658412423951358,-4.29639616660306,"Down"
"hsa-miR-1",3.06119192066434e-05,-0.260013944657062,0.61110289959303,-4.16886577263644,"Down"
"hsa-miR-145*",3.44841060440937e-08,-0.385909123041767,0.685358658690672,-5.51699713165162,"Down"
"hsa-miR-145",5.31354975126726e-07,-0.643537698462937,1.25739195578514,-5.01463043159034,"Down"
"hsa-miR-130a",4.27680469405794e-34,1.19391654134109,0.960896957466275,12.1739851459851,"Up"
"hsa-miR-221*",2.81718948857387e-08,0.341114051659517,0.601938073932619,5.55243409143599,"Up"
"hsa-miR-582-5p",4.03569979233944e-06,0.303154363383636,0.644380357491187,4.60953531531777,"Up"
"hsa-miR-362-3p",2.03358805026897e-06,-0.403986016744903,0.833303261485135,-4.75005751198359,"Down"
"hsa-miR-625",2.44745439238377e-12,0.500527364947393,0.699964832185972,7.00627568726303,"Up"
"hsa-miR-192",2.27935469458793e-06,-0.403860000771431,0.837118486543481,-4.72693385852563,"Down"
"hsa-miR-365",1.54347404072548e-09,0.3791119072131,0.61501207705346,6.03975604859372,"Up"
"hsa-miR-452",1.00732332175737e-07,0.283225667339872,0.521094116146371,5.32539781621381,"Up"
"hsa-miR-196b",2.46590191622018e-96,-3.0149768353365,1.4183831571502,-20.8269670875783,"Down"
"hsa-miR-141*",6.25293142145171e-06,0.144578410452065,0.313564107928065,4.51765140813212,"Up"
"hsa-miR-376a",1.04278190198607e-05,0.280358612490241,0.62315692243349,4.40810666381751,"Up"
"hsa-miR-522",4.38340788627195e-06,0.251193751899591,0.535934965885363,4.59232226218197,"Up"
"hsa-let-7g",3.44712733144689e-13,-0.570809899379159,0.768695420881998,-7.27566708803373,"Down"
"hsa-miR-376a",5.91146520447945e-07,0.455774097659802,0.894188593807417,4.99408730988303,"Up"
"hsa-miR-455-3p",1.05354848124254e-07,-0.355891732906461,0.655794098797008,-5.31723692478999,"Down"
"hsa-miR-27a",3.33015857443464e-07,0.435870919719656,0.836768763246992,5.10373424021145,"Up"
"hsa-miR-224",1.00981140621188e-30,1.53967538910113,1.30917474606121,11.5230425400906,"Up"
"hsa-miR-592",1.72346994568646e-10,-0.306632539221632,0.47059842102191,-6.3841545239012,"Down"
"hsa-miR-3149",7.67855706447354e-05,-0.319370189666141,0.791351537805086,-3.95421739323448,"Down"
"hsa-miR-3188",9.51185887912596e-15,-0.392030374198793,0.495905925673783,-7.74561730961113,"Down"
"hsa-miR-23a",1.65584393744675e-05,0.356382154989519,0.81075620260405,4.30686527147849,"Up"
"hsa-miR-4328",4.34543230670768e-07,-0.237521649669046,0.460548265716897,-5.05316717367391,"Down"
"hsa-miR-34a*",1.76640232365293e-05,-0.0647173013192139,0.147720783813478,-4.29254060720895,"Down"
"hsa-miR-376c",3.00126764348004e-06,0.374394837144634,0.785381055608837,4.67073305009035,"Up"
"hsa-miR-135b",2.30235201375638e-05,0.781640359256369,1.80908244627055,4.2333505506968,"Up"
"hsa-miR-145",2.58532841938669e-07,-0.755920739352057,1.43775739836268,-5.15141177366521,"Down"
"hsa-miR-455-5p",7.06061006116301e-14,-0.479744906838838,0.627846267037199,-7.48673865020897,"Down"
"hsv1-miR-H18",6.56032296047333e-05,0.227137972559492,0.557529966063974,3.99169313110751,"Up"
"hsa-miR-361-5p",1.29683201223889e-09,0.393207428236116,0.634931489963211,6.06778890305993,"Up"
"hsa-miR-30c",8.44850136309211e-07,0.389578044591733,0.77508497477646,4.9247112525498,"Up"
"hsa-miR-30e",1.1614501073712e-09,0.431436573240767,0.694637060625046,6.08547698197304,"Up"
"hsa-miR-551b",5.13557513354724e-11,0.374124478257775,0.558197554378071,6.56695153770477,"Up"
"hsa-miR-196a",4.8927090252274e-08,-0.965208204081081,1.73359898116388,-5.45516609373985,"Down"
"hsa-let-7d",2.01434909837839e-08,0.397960846037892,0.694950598340705,5.61076434915869,"Up"
"hsa-miR-151-3p",3.08769340625722e-12,0.406648988887768,0.571338747035526,6.9736739009007,"Up"
"hsa-miR-193b",1.78590332441751e-10,0.302940026484326,0.465328529358346,6.37870614617206,"Up"
"hsa-miR-9*",3.58081585552098e-44,-1.66972109620699,1.17352662050858,-13.9407649626055,"Down"
"hsa-miR-146b-5p",3.64817930971241e-21,0.9477483391963,0.98345073875263,9.44226179969371,"Up"
"hsa-miR-378*",4.98339196370822e-25,0.523174091678055,0.496071416372436,10.3332667753885,"Up"
"hsa-miR-4259",1.38366787600458e-07,-0.130955215824048,0.243591327359696,-5.26740358783457,"Down"
"hsa-miR-4270",3.71880025108543e-06,0.418853494025093,0.887042261987743,4.62650938431855,"Up"
"hsa-miR-188-5p",3.41135839526149e-06,0.341675637101394,0.720815231227114,4.64435784473635,"Up"
"hsa-miR-200c*",2.94056596482296e-13,0.269284483890201,0.361574007496156,7.29709069241346,"Up"
"hsa-miR-17*",1.83041835507238e-05,0.151859567613367,0.347267579160022,4.2846320881688,"Up"
"hsa-miR-150*",3.93950589740883e-07,-0.225331215724926,0.435301237775826,-5.0718578653003,"Down"
"hsa-miR-3200-5p",1.97580731784597e-06,0.0506461297438622,0.104339969099272,4.75588315351044,"Up"
"hsa-miR-188-5p",2.11308415754214e-05,0.290935967954179,0.670315256401869,4.25259405931355,"Up"
"hsa-miR-301a",2.41741285158761e-13,0.659975920925576,0.882978534436853,7.32341358591291,"Up"
"hsa-miR-3926",1.64373888594335e-08,-0.241044020935104,0.418314761198498,-5.64584290688781,"Down"
"hsa-miR-130a",9.31603154141607e-34,1.20873692254809,0.977941191969515,12.1102934115783,"Up"
"hsa-miR-34b",2.82851880483901e-08,-0.642455616041997,1.13383588749086,-5.55173269447607,"Down"
"hsa-miR-3190",9.85043533098179e-07,-0.112952433952734,0.226106857598489,-4.89460304438756,"Down"
"hsa-let-7a",6.03228768291128e-09,-0.347609652810648,0.585616747347996,-5.81586017072103,"Down"
"hsa-miR-126",4.54420941189774e-08,-0.41786621556611,0.748724507356269,-5.46828105039049,"Down"
"hsa-miR-29b-1*",1.90942355818639e-18,0.403603046309466,0.451295805402569,8.76251461020518,"Up"
"hsa-miR-192",1.53164359972013e-06,-0.543294168972335,1.10736532450923,-4.80706218537748,"Down"
"hsa-miR-126*",1.68787656279989e-06,-0.124090355105361,0.253954426659529,-4.78759998015572,"Down"
"hsa-miR-373*",1.67321191086397e-05,-0.0536941504749081,0.122217743202187,-4.3045557016435,"Down"
"hsa-miR-19b-1*",1.02268487506821e-05,0.171527810013125,0.380893086957812,4.41232068121781,"Up"
"hsa-miR-34c-5p",1.13626087020859e-07,-0.647035312380363,1.19537463435327,-5.30346325025272,"Down"
"hsa-miR-375",5.94458040351748e-47,-1.9463370288203,1.32519750852427,-14.3904061316973,"Down"
"hsa-miR-146a",6.5421855700588e-06,-0.465938555765423,1.01268457839423,-4.50806396172966,"Down"
"hsa-miR-107",4.07610708464844e-07,0.315953928174017,0.611150703055415,5.06536867181928,"Up"
"hsa-miR-193a-5p",4.00823535448097e-08,0.373397204758268,0.666339702971864,5.49048852385678,"Up"
"hsa-miR-3121-3p",2.75183113031759e-05,-0.0825542757346448,0.192904008507064,-4.1930876024798,"Down"
"hsa-miR-516a-5p",7.96301052403076e-09,0.248707170590984,0.422381959935593,5.76923941933633,"Up"
"hsa-miR-196b",4.92565188603292e-81,-2.2173305081312,1.13953460229743,-19.0650756021886,"Down"
"hsa-miR-29a",3.59606876027519e-23,0.875376817458224,0.865076264941579,9.91462428149688,"Up"
"hsa-miR-30c",5.09823982797147e-06,0.385990998482978,0.82924126235648,4.56070402914535,"Up"
"hsa-miR-449c",2.40581259259414e-14,-0.392291586979457,0.50396465495068,-7.6268381843592,"Down"
"hsa-miR-23a*",1.46492118240621e-06,0.151598201972202,0.308422874538206,4.81596238685315,"Up"
"hsa-miR-150*",3.68833870371273e-08,-0.266151582478866,0.473690583225609,-5.50515964972849,"Down"
"hsa-miR-4291",3.61506259122588e-07,0.221831417929034,0.427165098783449,5.08818519482727,"Up"
"hsa-miR-3198",1.13977630187401e-07,0.368659071554704,0.681156866503416,5.30289957432406,"Up"
"hsa-miR-106b",6.59908355689439e-05,0.328558836689627,0.806758659434144,3.99029618565977,"Up"
"hsa-miR-151-5p",1.6353210423481e-07,0.293602462417457,0.549342428692046,5.2366333462337,"Up"
"hsa-miR-34b",1.22527897659057e-06,-0.457711031324448,0.924379872281407,-4.85150536054353,"Down"
"hsa-miR-3200-3p",1.64159035306931e-05,0.158354770245646,0.360091315601347,4.30877800859739,"Up"
"hsa-miR-431",4.01008601501002e-06,0.175273126311184,0.372450973970264,4.61085893274171,"Up"
"hsa-miR-484",1.02597784384246e-05,0.167323796377176,0.371616300512486,4.41162481176644,"Up"
"hsa-miR-3665",1.92032337401456e-06,-0.346867060003497,0.713744417037617,-4.76163335393567,"Down"
"hsa-miR-4317",5.14643527516545e-05,0.0884985229613246,0.214159446816723,4.0488753116876,"Up"
"hsa-miR-376c",1.7519157717276e-07,0.502199383835991,0.941925980119626,5.22390194347146,"Up"
"hsa-miR-645",3.22168506008852e-06,0.0938456568851062,0.197479632805906,4.65615558786765,"Up"
"hsa-miR-21*",1.32010717938137e-17,0.744885728553522,0.854416862172899,8.54191920790161,"Up"
"hsa-let-7a",2.5963450604919e-09,-0.369652992481894,0.608174217341921,-5.95527523301403,"Down"
"hsa-miR-455-3p",7.05938062786194e-09,-0.502874118333662,0.851046725357439,-5.7895058311967,"Down"
"hsa-miR-625",2.48205018584132e-07,0.198377622077553,0.376754541188772,5.15905075961075,"Up"
"hsa-miR-146b-5p",3.067355442493e-17,0.645183876387707,0.748638906061694,8.4439709164169,"Up"
"hsa-miR-574-5p",2.41468685152674e-05,-0.277143846864023,0.643069468088084,-4.22262939764329,"Down"
"hsa-miR-107",1.74551686283558e-06,0.300205968008771,0.615246871185222,4.78085447516822,"Up"
"hsa-miR-744",1.70481780699837e-05,-0.128220878320747,0.292135556882743,-4.3004108039253,"Down"
"hsa-miR-1183",3.6035205328354e-06,-0.177452062013468,0.37527664849519,-4.63303013902592,"Down"
"hsa-miR-449b*",2.95530911850425e-09,-0.507955752202259,0.838705422277097,-5.93406157517874,"Down"
"hsa-miR-34a*",2.51011023824456e-12,-0.264448398415271,0.370006015856664,-7.00273629782907,"Down"
"hsa-miR-711",2.04575387493244e-06,-0.0993580172124029,0.204998163830812,-4.74885119899742,"Down"
"hsa-miR-513c",2.65012167441219e-05,0.389153046288597,0.907484717107702,4.20161960763298,"Up"
"hsa-miR-449b",5.74217667829966e-12,-0.222278041829637,0.316279631792295,-6.88590384935296,"Down"
"hsa-miR-126*",1.41743700989232e-07,-0.274130489037983,0.510342504313709,-5.26297390796919,"Down"
"hsa-miR-132",1.05018580804852e-09,-0.282801498471009,0.454123851255626,-6.10158984455998,"Down"
"hsa-miR-1276",1.9147413789049e-05,-0.047235348005629,0.108269585159508,-4.27460769397512,"Down"
"hsa-miR-195",1.91131577994252e-09,-0.77802676711448,1.26941858253357,-6.00516996325687,"Down"
"hsa-miR-23b*",7.78186756867834e-06,0.0891899191939212,0.195450643383808,4.47109896274242,"Up"
"hsa-miR-22*",2.00217823802437e-05,0.190634026402616,0.437978581400636,4.26464774423772,"Up"
"hsa-miR-195",6.38610262820195e-10,-0.769757200346312,1.2202791471471,-6.18059358332866,"Down"
"hsa-miR-4294",8.40186541810367e-08,-0.0853981166814814,0.156155982154475,-5.35827851045398,"Down"
"hsa-miR-92a",1.94731454323897e-13,0.534293740952804,0.712014267229559,7.35236412151946,"Up"
"hsa-miR-200c*",8.55437075974961e-11,0.16544240986908,0.249748757712255,6.49051454281981,"Up"
"hsa-miR-4298",9.3825952963283e-06,-0.284262273879511,0.628578604256796,-4.43093366151944,"Down"
"hsa-miR-361-5p",7.03460776272253e-09,0.297352081775622,0.503177035943109,5.79009630627867,"Up"
"hsa-miR-151-3p",1.34134157884597e-11,0.484492331163594,0.701797910083842,6.76410675261518,"Up"
"hsa-miR-103a",1.48067411881168e-09,0.410671294755169,0.665470988691677,6.0464551648507,"Up"
"hsa-miR-125a-3p",5.70334249169657e-09,0.220467423044213,0.370823150986269,5.82523167637542,"Up"
"hsa-miR-874",2.71410376942474e-05,-0.172635352454212,0.403095014732042,-4.19621686821858,"Down"
"hsa-miR-100",7.45467125299334e-08,0.731175356197824,1.33163977341812,5.37985293300505,"Up"
"hsa-miR-9*",2.62942754162618e-55,-2.17480294013011,1.36028081104113,-15.6648758144168,"Down"
"hsa-miR-23a",5.73657478307397e-05,0.336189592971588,0.818705047668675,4.0233926098749,"Up"
"hsv1-miR-H16",1.53506865011716e-05,0.115549740690223,0.261854214215187,4.32359517986388,"Up"
"hsa-miR-449c",2.60934130209614e-13,-0.22836020966299,0.305950409948585,-7.31315890471676,"Down"
"hsa-miR-301a",1.51734299002496e-13,0.476568116695728,0.632227103574411,7.38562903731183,"Up"
"hsa-miR-222",1.88898418918493e-19,1.11011080460076,1.20591875945064,9.01952974165881,"Up"
"hsa-miR-196b*",4.90683436101985e-12,-0.138719615790813,0.196745911070038,-6.90824575015358,"Down"
"hsa-miR-152",2.01594097422648e-12,0.484833539698421,0.675405188489164,7.03337672075106,"Up"
"hsa-miR-431",2.0614145453692e-05,0.0820103046868948,0.188705621053749,4.258132831684,"Up"
"hsa-miR-378",4.54868037005097e-27,0.61046111368412,0.555138814784456,10.7743735189393,"Up"
"hsa-miR-182",6.88427296826163e-05,-0.28618074888362,0.704475093439519,-3.98025034809904,"Down"
"hsa-miR-25",2.5702869496039e-06,0.275509901748358,0.574045714978848,4.7024734146316,"Up"
"hsa-miR-23b*",1.78634753019082e-07,0.22933176504616,0.430431923924403,5.22029872741121,"Up"
"hsa-miR-449b",8.55882976309278e-15,-0.470412207790841,0.59402858066338,-7.75901978707394,"Down"
"hsa-miR-1285",3.0152047977261e-05,-0.0706514397244554,0.165912669253208,-4.17231493404042,"Down"
"hsa-miR-193a-3p",1.20179332771163e-15,0.777384549775237,0.95159005897168,8.0042680686694,"Up"
"hsa-miR-21",5.20248015797399e-05,0.443247240717898,1.07329561720919,4.04633933930923,"Up"
"hsa-miR-324-5p",9.8096698163564e-06,0.26007782493469,0.5763500411716,4.42132675627384,"Up"
"hsa-miR-3065-5p",9.9890817813208e-06,0.114414404703029,0.25377489066043,4.41740961869578,"Up"
"hsa-miR-497",8.02101755235513e-09,-0.734403095022526,1.24750890929427,-5.76801603555219,"Down"
"hsa-miR-575",2.36260088779465e-08,0.307413711109106,0.539489436076907,5.58310640985616,"Up"
"hsa-miR-224*",9.0064653392193e-12,0.407680707042078,0.5855619325559,6.82154801881581,"Up"
"hsa-miR-551b",9.85984365339177e-07,0.128615193626643,0.257470262853404,4.89441528606989,"Up"
"hsa-miR-140-3p",7.35576544155532e-07,-0.387743430437178,0.767226067039608,-4.95172724958209,"Down"
"hsa-miR-3137",9.5454968744159e-06,0.0873808681503105,0.19338410767683,4.42722088843744,"Up"
"hsa-miR-17*",1.39303846609659e-07,0.351927279996773,0.654778135986226,5.26616400383786,"Up"
"hsa-miR-30c-1*",3.94483790075776e-07,0.13175283099559,0.254536773129825,5.07160052573998,"Up"
"hsa-miR-29b-1*",5.23612426664921e-11,0.226153218650115,0.337571429624946,6.56406248593168,"Up"
"hsa-miR-99b",1.59274030957933e-23,0.716369045924476,0.702202437058135,9.99562825438671,"Up"
"hsa-miR-136",4.48809444525631e-05,0.197303621805286,0.473723963533016,4.08080008637634,"Up"
"hsa-miR-331-3p",4.5572066870608e-05,-0.261546108760604,0.628516746542406,-4.0772470372401,"Down"
"hsa-let-7e",7.18398663468559e-12,0.48389552757478,0.691745755380032,6.85394668289304,"Up"
"hsa-miR-136",1.11278252944777e-07,0.375658884579517,0.693518356166054,5.30727169010981,"Up"
"hsv1-miR-H16",1.00294809904833e-05,0.143541577414493,0.318442828468319,4.41653684877629,"Up"
"hsa-miR-652",1.1491722383979e-09,0.267175022682366,0.430046457289086,6.08717934070447,"Up"
"hsa-miR-153",2.18862009951848e-13,-0.258691256465877,0.345473182214062,-7.33673826952192,"Down"
"hsa-miR-378*",5.26175667152849e-22,0.373355955149756,0.379354903440452,9.64301844264837,"Up"
"hsa-miR-598",3.25051261442592e-07,0.329456251733723,0.631911176855116,5.10831103405266,"Up"
"hsa-miR-632",1.38995896358272e-07,-0.0674465801876993,0.125478017933899,-5.26657048225305,"Down"
"hsa-miR-3190",7.16534427187829e-06,-0.0946787615739952,0.206664541543076,-4.48871690524765,"Down"
"hsa-miR-1276",2.84004826059211e-05,-0.0505006236306434,0.118206327478645,-4.18592683576138,"Down"
"hsa-miR-193b",6.18413612794288e-11,0.657271220633453,0.984814473430259,6.53921792014456,"Up"
"hsa-miR-140-3p",6.83477695397715e-06,-0.265474852564022,0.578182868590058,-4.49876994735731,"Down"
"hsa-miR-708*",3.89768673543458e-10,0.111376608946394,0.174376971023399,6.25807088170045,"Up"
"hsa-miR-29a*",5.26560120903348e-08,0.148178484679361,0.266780587194888,5.44210029882122,"Up"
"hsa-miR-575",8.4631303952801e-09,0.312455575487819,0.531593258485067,5.75896488540084,"Up"
"hsa-miR-125a-5p",3.2329239219353e-08,0.297268615572256,0.526854472150615,5.52833059742869,"Up"
"hsa-miR-24",1.25946702974281e-07,0.38449818294013,0.712875754855427,5.28464798425708,"Up"
"hsa-miR-1",3.34971679363657e-09,-0.834880215965688,1.38330289022479,-5.91347141659837,"Down"
"hsa-miR-592",1.35576249660216e-06,-0.148995237123595,0.302158627615445,-4.83140008859556,"Down"
"hsa-miR-383",6.9436410325645e-05,-0.104840891382065,0.258213388919239,-3.97820870775893,"Down"
"hsa-miR-449b*",7.00837883427288e-07,-0.381876386780575,0.754184666178388,-4.96113132169605,"Down"
"hsa-let-7b",4.25331875099502e-11,-0.589217904991296,0.87538378623347,-6.59497348357532,"Down"
"hsa-miR-34b*",4.58616373332768e-10,-1.45305995355408,2.2842653989792,-6.23264784113141,"Down"
"hsa-miR-521",8.02512378657564e-06,0.195113997151056,0.428203282953005,4.4645125688809,"Up"
"hsa-miR-141*",1.33812056415421e-05,0.201151017534678,0.452680416666994,4.35377662527912,"Up"
"hsa-miR-30b*",4.69215243266224e-05,0.103117275754605,0.248212788202955,4.07045440476049,"Up"
"hsa-miR-9",6.74241191534376e-45,-1.94573997220698,1.35597788595458,-14.0594331320943,"Down"
"hsa-miR-3154",1.85114449792899e-08,-0.158933451080054,0.276821681586165,-5.62536656774911,"Down"
"hsa-miR-1273e",4.68654786017512e-05,-0.164637147719335,0.396269687699701,-4.07073280785685,"Down"
"hsa-miR-96",1.17011632532321e-05,-0.565121197137241,1.26327395532382,-4.38308276675328,"Down"
"hsa-miR-4259",9.24131161689535e-10,-0.127014707179606,0.203281064043526,-6.12199122201442,"Down"
"hsa-miR-513c",7.52360959847073e-05,0.387645667020912,0.959345957993054,3.95908932451641,"Up"
"hsa-miR-218-2*",5.06172980790228e-10,-0.118768820058265,0.187173647300301,-6.2171787683001,"Down"
"hsa-miR-517c",4.30586748461288e-07,0.319716878698682,0.619708546632836,5.05491311502644,"Up"
"hsa-miR-195*",5.78478207109677e-05,-0.100964191530112,0.245993323534248,-4.02142217501241,"Down"
"hsa-miR-218-2*",1.21961902015314e-09,-0.109805590952542,0.177021038320839,-6.07764300311043,"Down"
"hsa-miR-24",1.84161276454541e-06,0.339035677311972,0.696395896233146,4.77007069401335,"Up"
"hsa-miR-449c",3.89566293781453e-14,-0.32382670305298,0.419442094671299,-7.56443092045091,"Down"
"hsa-miR-628-5p",4.68673258854257e-07,-0.093182491503238,0.181196721038618,-5.03871275011684,"Down"
"hsa-miR-149",1.5975945570645e-08,0.427590771985966,0.741410423959497,5.6507390575646,"Up"
"hsa-miR-218-2*",1.51115407722149e-10,-0.115944156798749,0.177384861612388,-6.40424487710279,"Down"
"hsa-miR-708*",6.37807662071163e-08,0.0751809927715531,0.136212793077521,5.40786416563293,"Up"
"hsa-miR-940",5.28687205221487e-08,-0.379311328662272,0.683002339281745,-5.44138229369328,"Down"
"hsa-miR-32*",7.95345130484648e-05,-0.282324124612934,0.701049549403506,-3.94579839880381,"Down"
"hsa-miR-628-5p",1.41901570631518e-07,-0.0949762894722451,0.176822073986514,-5.26276932794294,"Down"
"hsa-miR-4291",1.36521147961861e-07,0.293123399003735,0.544987177099084,5.26986901270779,"Up"
"hsa-miR-513b",7.03761733589919e-05,0.428687044825389,1.05666592729581,3.97501042491687,"Up"
"hsa-miR-27a",8.67803873964565e-06,0.383375776627977,0.844542200012877,4.44773526991284,"Up"
"hsa-miR-3170",5.45197192075902e-06,-0.139155024268646,0.299880241204643,-4.54659904545274,"Down"
"hsa-miR-7",3.1197642776656e-09,0.507172912420072,0.838669649532716,5.92516897437565,"Up"
"hsa-miR-141*",8.11757527943382e-06,0.238273459761569,0.523209895921952,4.46205930134384,"Up"
"hsa-miR-200b",4.75225583700996e-05,-0.527637784975222,1.27099889823219,-4.06748847382724,"Down"
"hsa-miR-16-2*",4.61253221586404e-07,0.239121446245302,0.464698630267278,5.04176678567319,"Up"
