"gene_reject","adj_pvalues","mu_hat","sd","statistic","regulate"
"NUDT9",2.44676818767834e-08,0.247130487971329,0.373382078703457,5.57701781616145,"Up"
"BCCIP",2.07356899123372e-07,0.205220074451637,0.333014087562746,5.19261841577823,"Up"
"FBXO45",4.55416126951768e-07,0.155127223940727,0.259134154474833,5.04420278164678,"Up"
"DNAJC9",5.86439864207169e-07,0.213361182801255,0.359877185180755,4.99563005407649,"Up"
"GTPBP4",6.53596277749597e-07,0.201342838016222,0.341036824504203,4.97466779825757,"Up"
"NAA50",1.87413184157631e-06,0.170357090835492,0.301152046711255,4.76654360472863,"Up"
"PNN",3.12554037064108e-06,0.218949130475236,0.395697720007739,4.66239271243461,"Up"
"IDI1",4.21135278720694e-06,0.21450563663029,0.392868177708639,4.60066944586646,"Up"
"MARK3",5.72640837576762e-06,0.123995447885418,0.230323479414032,4.53624709791948,"Up"
"TSEN34",5.9974670962252e-06,0.154611438000265,0.287812944638129,4.5264785948888,"Up"
"CRLS1",6.19195631248244e-06,0.188473153497816,0.351371484624961,4.51972652615943,"Up"
"VBP1",7.67074513518849e-06,0.173824654471747,0.327361597413781,4.47417346573563,"Up"
"TH2LCRR",1.07995602209868e-05,0.16037249179107,0.307083026071391,4.40051230644997,"Up"
"SEC13",1.1502053082796e-05,0.202585148915663,0.389123162662095,4.38681880283476,"Up"
"SMNDC1",1.16004325830023e-05,0.175330641818371,0.336915387632325,4.38496519310354,"Up"
"SLC33A1",1.29196453540353e-05,0.108155739291843,0.208952074942795,4.36146163349269,"Up"
"PRPS1",1.34347915166997e-05,0.185742763487898,0.3595524904886,4.35290085824707,"Up"
"OPA1",1.52105684604723e-05,0.146544219085513,0.285463001368228,4.3256167436385,"Up"
"ABCB7",1.91536030175326e-05,0.157717240361003,0.310899051467151,4.27453568231384,"Up"
"ERI1",1.99765579723303e-05,0.140587931903474,0.27774269045732,4.26515264387066,"Up"
"GLRX3",2.14104509875662e-05,0.196985579515676,0.390580372464113,4.24965029779507,"Up"
"ECPAS",2.20936727762174e-05,0.211999009332984,0.421046493191522,4.24260843705018,"Up"
"ZNF330",2.31887695042525e-05,0.141689087971209,0.282128094507332,4.23174260101609,"Up"
"FADD",2.8521807264854e-05,0.173396236510667,0.349122368223439,4.18495860456844,"Up"
"PPAT",2.94931133084663e-05,0.1760316542805,0.355074570136499,4.17734529177149,"Up"
"CEBPG",3.55915293990822e-05,0.181083795991154,0.369061251399952,4.13437926828906,"Up"
"ELMOD2",3.58365006731092e-05,0.193323776039931,0.394157397170414,4.13280355340932,"Up"
"FAIM2",3.62947140300898e-05,0.121877874186386,0.248665907291836,4.12988347745471,"Up"
"RRM2",3.72730201303398e-05,0.213226247367725,0.43568839891798,4.12376437002868,"Up"
"CCDC51",3.83825617267961e-05,0.137027953927269,0.280450886940248,4.11700628049387,"Up"
"GGCT",4.15921804361545e-05,0.240381025294432,0.494207651970259,4.09845236852479,"Up"
"CHIC2",4.22099272430682e-05,0.142314404675324,0.292833059992761,4.09503793289035,"Up"
"NR1D2",4.22881929822054e-05,0.196233258013567,0.403821447282351,4.09460872776417,"Up"
"COPB2",4.24362714916685e-05,0.152267654375531,0.313408192660624,4.09379873093429,"Up"
"UBA5",4.31325815869001e-05,0.148742463762078,0.306434834123758,4.09002547270573,"Up"
"HNRNPAB",4.39078123566537e-05,0.252695907359663,0.521123318035745,4.08589193534259,"Up"
"SLC25A22",4.45751748692838e-05,0.199134533839724,0.411018538285514,4.08238862934107,"Up"
"HSPA5",5.7081508112098e-05,0.224329459267749,0.469674395796923,4.02456177990807,"Up"
"IPO4",5.75897679856215e-05,0.184613968578179,0.386723335397415,4.02247500234663,"Up"
"LYSET",5.84077776981553e-05,0.160574737510171,0.336644772381059,4.01915282533378,"Up"
"EOLA1",6.18598201313711e-05,0.154664675793523,0.325351303477238,4.00560166480833,"Up"
"AGA-DT",6.36532399285566e-05,0.259310920507397,0.546406392133245,3.99884167805037,"Up"
"MPG",6.69127559749478e-05,0.178504983311623,0.377253078931157,3.98700450345842,"Up"
"GDI2",6.73973722462387e-05,0.206966561100401,0.437591904807525,3.98529137013698,"Up"
"ZNF22",6.87122695409696e-05,0.164669245087989,0.34856364324642,3.98070122639371,"Up"
"WDR3",6.94188151082176e-05,0.211695485779087,0.448380408385688,3.97826897901735,"Up"
"PINX1",7.05116581620324e-05,0.135196588683609,0.286620105556273,3.97455266740508,"Up"
"PCM1",7.86470682437844e-05,0.150566407682697,0.321311802676184,3.94848583642638,"Up"
"UBE2A",8.61295859478802e-05,0.156340166594999,0.335486620862034,3.92667122136758,"Up"
"DHFR",8.61690431200191e-05,0.21186994015345,0.454659393822458,3.92656100901769,"Up"
"RNASEH1P1",9.50794036373952e-05,0.154934423279363,0.334502103678263,3.9028174747394,"Up"
"TFGP1",0.000101919459301331,0.146794134251649,0.318300800736324,3.88597627830912,"Up"
"BRCC3",0.00010535120012157,0.165019160422082,0.358561905156721,3.87792495846019,"Up"
"PLRG1",0.000107591975814317,0.12512740752142,0.272242870863315,3.87280031672203,"Up"
"NUDT1",0.000109205374389711,0.215347433363263,0.468976180450833,3.86917247064365,"Up"
"SRP72",0.000112639324457345,0.176187199536905,0.384445159061781,3.86161640073063,"Up"
"SEPHS1",0.000114116836121561,0.130325294370985,0.284607961626166,3.85843194030402,"Up"
"SNRPA1",0.000115022510383831,0.16809303161559,0.367270162632362,3.85649912333887,"Up"
"POLR2B",0.00011521684373183,0.140882430416255,0.307850078527483,3.85608626372491,"Up"
"AHSA1",0.000125489491810222,0.215659669813313,0.473823019468652,3.83514646442997,"Up"
"HADH",0.000130390171116221,0.169383616053015,0.373067432236406,3.82572048551393,"Up"
"LRATD1",0.000130475773525045,0.193553303963178,0.426319187236183,3.82555882333143,"Up"
"UBE2K",0.000131487384009798,0.127574064301377,0.281133606035505,3.8236559055856,"Up"
"ANKRD34C-AS1",0.000133963738066621,0.185427246041394,0.409116294385014,3.81905528725292,"Up"
"CCNJ",0.000136277236902452,0.222209366723519,0.49081344872959,3.81482905544141,"Up"
"SYNC",0.000136914049291467,0.135565211204209,0.2995252590565,3.81367760848336,"Up"
"RBBP5",0.000138302967839835,0.0738754406585897,0.163331286259702,3.81118364891161,"Up"
"LINC01018",0.000141409568627749,0.142619967119628,0.315773825841598,3.8056897223594,"Up"
"ODF2",0.00014314003474263,0.142257755846388,0.315221268934556,3.80267854770449,"Up"
"COPB1",0.000143733046889066,0.149793579499128,0.332008898957232,3.80165453361068,"Up"
"TAF1",0.000144512064000379,0.120793239038854,0.267825648272963,3.80031535549999,"Up"
"SCYL3",0.000150727361177244,0.150521765541823,0.33466045288644,3.78986799796364,"Up"
"PJA1",0.000152479105391155,0.213993573104771,0.476140336401539,3.78699673105901,"Up"
"MRPL16",0.000156353287008828,0.190750020598618,0.42512358264454,3.78075531073124,"Up"
"GCSH",0.000157223858318201,0.192235422201356,0.428590807882457,3.77937284091882,"Up"
"TARS1",0.000161491758869321,0.189061140527742,0.422259484815588,3.77269793494402,"Up"
"CKAP2",0.000163639199733997,0.229708046414659,0.513491117926536,3.76940191489461,"Up"
"RANP1",0.000164862294624643,0.217372587851842,0.486156120344851,3.76754278136686,"Up"
"ATP5ME",0.000172381400991976,0.255050205972452,0.572115980209329,3.75639085350673,"Up"
"ARHGAP5",0.000173651151024506,0.134920717175312,0.302795617208046,3.75455292552147,"Up"
"PRXL2A",0.000184374667681258,0.207076988583203,0.466600908868586,3.7395163344438,"Up"
"MYBL1",0.00019467081119389,0.149175013865466,0.337366385301699,3.72583358630113,"Up"
"SSR3",0.000201056033832287,0.140857338535163,0.319253714491982,3.71768589454608,"Up"
"KLHL8",0.000201219370056702,0.137388919681904,0.311409719187806,3.71748067926054,"Up"
"ZNF468",0.000202012661894748,0.303704680628321,0.688570058255555,3.71648620951096,"Up"
"FOXM1",0.000205164363084592,0.162861752253346,0.369635345254279,3.71257114458199,"Up"
"CCT3",0.000213320468955576,0.195472683238102,0.444833202805962,3.70269596590202,"Up"
"OSGEP",0.000214039824954671,0.156843925276333,0.357008855193494,3.70184208645184,"Up"
"EXT2",0.00022252121300091,0.151170797954536,0.345015478807566,3.69197286248702,"Up"
"PAIP1P2",0.000225409599330415,0.159168279656636,0.363591116720412,3.68869233006303,"Up"
"WDR43",0.000229655751258023,0.22007027208865,0.503359108714945,3.68394063231855,"Up"
"HNRNPA1P2",0.000241441157238699,0.292150781132371,0.670550576998978,3.67117160526368,"Up"
"EIF2A",0.000243670465008425,0.17987392797427,0.41311477512258,3.66882219826442,"Up"
"TRAPPC6A",0.000245753200092349,0.144175239523745,0.331322510489016,3.66664540848011,"Up"
"MIR3658",0.000248883833296881,0.182387600043981,0.419507241448257,3.66340573629961,"Up"
"DET1",0.000249294182873764,0.152054171333549,0.349778007600643,3.66298393109822,"Up"
"RRS1",0.000258859104790644,0.22058223607309,0.508757189673447,3.65333207309957,"Up"
"BYSL",0.000259541437255172,0.176576563838831,0.407336584065685,3.65265638182623,"Up"
"NGDN",0.000266233215408879,0.180764008287568,0.417744350158641,3.64611659464052,"Up"
"ACTR8",0.000266637177912059,0.132238485113066,0.305634885888851,3.64572675694445,"Up"
"PRKDC",0.00026711719777606,0.151374135245862,0.349906358283782,3.64526424047495,"Up"
"ATXN3",0.000267279381623833,0.153832248172755,0.355603595539221,3.6451081465657,"Up"
"DNAJA2",0.000269721312652222,0.196571001989643,0.454691718010186,3.64276857972366,"Up"
"GRPEL1",0.000270769994566506,0.149993327534705,0.347047249375909,3.6417699464765,"Up"
"ESPL1",0.000280339876024903,0.157681427142002,0.365734355915043,3.63282065263604,"Up"
"BEX3",0.000282636387816394,0.166114070828846,0.385516839575889,3.63071569526175,"Up"
"TCTN3",0.000285234241861639,0.150417372524071,0.349315252111363,3.62835376272497,"Up"
"RMDN1",0.000291636895930968,0.145751355472088,0.339015296362923,3.6226175161623,"Up"
"RFC3",0.000295731896686365,0.149844626154137,0.348883580445144,3.61901027577566,"Up"
"PDCD6IP",0.000300815378146009,0.170176963282275,0.396707198473908,3.6145968262663,"Up"
"POLR3D",0.000300844410079815,0.167824321976756,0.391225556485289,3.61457182210203,"Up"
"NASPP1",0.00030304078312172,0.196533361908148,0.458390025668675,3.61268668629563,"Up"
"ZNF75A",0.000303277548055635,0.126886457793189,0.295963726755649,3.61248423674549,"Up"
"CIT",0.000304727166802937,0.161831622201338,0.377602842876143,3.6112479353124,"Up"
"CDC25C",0.000308484299542253,0.177685340584483,0.414959702002448,3.60806913306939,"Up"
"RBM3",0.000311914025194365,0.217855429539857,0.509176487406442,3.60519883302702,"Up"
"FXR1",0.000311914066071377,0.164074637184978,0.383478843742542,3.60519879899394,"Up"
"RBBP8",0.00031498541280321,0.228168801669958,0.533657914692581,3.60265339181704,"Up"
"NDUFB10",0.000318039876380381,0.179508068757825,0.420139163185975,3.60014491716768,"Up"
"NEPRO",0.000329100946997489,0.138097980710883,0.324019658463941,3.59124589649741,"Up"
"BTAF1",0.000331175145109817,0.105714908009417,0.248152321579472,3.58960836020079,"Up"
"PPM1B",0.000338608879851707,0.166221183315756,0.390813604502898,3.58381737471674,"Up"
"YY1",0.000345498858276735,0.0987658009408154,0.232556262776026,3.57855523330514,"Up"
"FAM98A",0.00034962802967411,0.174336452333809,0.410853370640354,3.57544847690879,"Up"
"PARL",0.000362374594128396,0.108516213358363,0.256409398102328,3.56607001671062,"Up"
"CDC7",0.00036732656949825,0.214801841337668,0.508055479266801,3.56250953001685,"Up"
"NIFK",0.000373346146805433,0.170406433556472,0.403533650167393,3.55824137804625,"Up"
"CEP135",0.000397130606857066,0.122765854551966,0.292052047723968,3.54198330588167,"Up"
"CFAP69",0.000406975299451258,0.112483973027651,0.268081393388127,3.53551879089456,"Up"
"GSPT1",0.000407886300693194,0.149071178261431,0.355338518674983,3.5349279880451,"Up"
"MGME1",0.000423059417515021,0.146352426708096,0.349814122286457,3.52526495800073,"Up"
"PSMA3",0.000428335281188796,0.200115700298943,0.478766067459341,3.52198072773019,"Up"
"SDAD1",0.000441387526503951,0.148278196166001,0.355551758250371,3.51401521719192,"Up"
"SPRR2G",0.000445190047781027,0.125779711348872,0.301799080413783,3.51173596950456,"Up"
"DYNC2I2",0.000447254588878365,0.158749947467358,0.381042164699404,3.51050607456811,"Up"
"TMED2",0.0004510782634765,0.190771109794779,0.458196975524138,3.50824215215972,"Up"
"PDCD11",0.000458124269350771,0.14212219159884,0.341753120586276,3.50411686204801,"Up"
"NCBP2AS2",0.000470551685774419,0.240394103950597,0.579241214851278,3.49698307465282,"Up"
"TDP1",0.000483101681590934,0.118638553281318,0.28644099595336,3.48995511447015,"Up"
"CSNK2A2",0.000489320523986288,0.175280514831122,0.423612463092949,3.48653545153704,"Up"
"NDUFAB1",0.000492475560308368,0.202734446380344,0.490204018473491,3.48481600518571,"Up"
"HPRT1",0.000499563731318438,0.16744066827834,0.405310000828826,3.48099022019909,"Up"
"SRGAP2",0.000516291272280601,0.215216738971115,0.522282734840191,3.47215857483802,"Up"
"MRPS25",0.000520864582482601,0.202199456462964,0.491027609251846,3.469790439702,"Up"
"ZNF197",0.000522529876042279,0.211057914554754,0.512666469092508,3.46893293411728,"Up"
"C1GALT1",0.000525954499082492,0.189046976626373,0.459433689209789,3.46717747660124,"Up"
"HILPDA",0.000540260924641069,0.16745473538426,0.407808112150038,3.45995736361483,"Up"
"SGO2",0.00055179825592521,0.174193152698399,0.424917687246825,3.45426335064722,"Up"
"EIF2B2",0.000557775911486492,0.103883866721334,0.253622300387167,3.45135667752561,"Up"
"MRPS12",0.000560295220775907,0.141998901155971,0.346798650034628,3.45014032969046,"Up"
"SGO1",0.000578900831442534,0.146794463513077,0.359430407516708,3.44131189116702,"Up"
"ATR",0.000580436277549795,0.172460613405378,0.422362669387542,3.44059516584361,"Up"
"XPNPEP3",0.000581858887366356,0.148336345201132,0.363351372266406,3.43993268464639,"Up"
"DHX9",0.000582340843490608,0.134718808953287,0.33001657904228,3.43970858918243,"Up"
"SKIL",0.00058432273935271,0.135071980143274,0.330970226890821,3.43878887698914,"Up"
"IFRD2",0.000589384427651465,0.151016892642206,0.370291962573528,3.4364530810745,"Up"
"PSPC1",0.000593369844463809,0.113051076904739,0.277347523288886,3.43462705100846,"Up"
"PHKB",0.000614982641534911,0.125668011029071,0.309174456080409,3.42491904425875,"Up"
"CHD1L",0.00061726217162698,0.170138196800976,0.418705040263656,3.42391371138127,"Up"
"TCP11L1",0.000628592111874865,0.156587442360323,0.38591452068628,3.41896759826589,"Up"
"PSMC3",0.000630879674485555,0.18647356039085,0.459702688285145,3.41797902999456,"Up"
"MRPS2",0.000638839053845859,0.131955421313098,0.325627446953607,3.41456518413561,"Up"
"TUT1",0.000647211206509588,0.135937941385562,0.335804115097848,3.41101672812513,"Up"
"ELP6",0.000652106659374364,0.14620744291661,0.361390349394539,3.40896156754734,"Up"
"ACOT2",0.000653508053440641,0.179140073487776,0.442868139680278,3.40837588966221,"Up"
"DPY19L4",0.000654655182979073,0.118089328520076,0.291980147369696,3.40789734400708,"Up"
"METAP1",0.000660920318135707,0.135651496978294,0.335659325133844,3.40529740992271,"Up"
"TTLL12",0.000679594017881513,0.15190474814331,0.376719249391492,3.3976818577221,"Up"
"CHM",0.000682525575068128,0.0832474270803945,0.206522732460112,3.39650400929332,"Up"
"ABLIM1",0.000713648884997792,0.198717644406774,0.494765229285655,3.38428114029319,"Up"
"TSSC4",0.000725280612971621,0.152915979346604,0.381228986524279,3.37983991310265,"Up"
"RMI2",0.000727387962113876,0.225677614609702,0.562761034546118,3.37904237220014,"Up"
"VAPB",0.000729988836911435,0.10600921547775,0.264426700722786,3.37806100711778,"Up"
"TMEM33",0.000738901560407195,0.169945489630318,0.424327080550331,3.37472250661833,"Up"
"KANTR",0.000744342111899962,0.193780782081501,0.484129768492598,3.37270293885459,"Up"
"PRDX6",0.000750912640738487,0.189595444020376,0.474013614919191,3.37028211288808,"Up"
"UGDH",0.000764505483192898,0.130885845613676,0.327712833403746,3.36533582427921,"Up"
"CHCHD3",0.000782340526284499,0.205386781170068,0.515223618025328,3.35896825965093,"Up"
"HNRNPA1P60",0.000785018795184873,0.285038324822528,0.715234859592734,3.35802370904786,"Up"
"TXLNG",0.000803743739280016,0.20322400236388,0.510933823916836,3.35150229103079,"Up"
"TTC9C",0.000811263569179067,0.112529732998768,0.283133533393662,3.34892293688441,"Up"
"GABPB1",0.00085184361677144,0.141390390981582,0.357194174007234,3.33537525971698,"Up"
"CISD2",0.000851895933186965,0.160791569266519,0.406209399509997,3.33535818358237,"Up"
"CNOT10",0.000852798120602401,0.163058564709055,0.411972887202456,3.33506386152656,"Up"
"VDAC1",0.000866238679379108,0.129294064667503,0.327092475097847,3.33071298367604,"Up"
"TMEM106C",0.000880984155372693,0.155175728789645,0.393123740974601,3.32601111472385,"Up"
"MRPL47",0.000887301238257633,0.16977029490959,0.430355511160315,3.3240190838677,"Up"
"SUPV3L1",0.000894540705293192,0.150113814838489,0.380787420668647,3.32175229063735,"Up"
"PYCR1-AS1",0.000899782483506608,0.213659680027758,0.542247749976128,3.32012159475459,"Up"
"PABPC3",0.000911805752621894,0.18556675139943,0.471477064829115,3.31641421577974,"Up"
"PSMD2",0.000916982389120975,0.186417426698697,0.473864494352677,3.31483193278516,"Up"
"STT3B",0.000931658425560797,0.10989036181631,0.279710989422459,3.31039066146331,"Up"
"TCERG1",0.000940929013307227,0.139826040035626,0.356206486144783,3.30761847792813,"Up"
"TFAM",0.000949172283812886,0.127758269136241,0.325704514874219,3.30517466397255,"Up"
"ZNF473",0.000961046412446236,0.183283636488774,0.467753164536286,3.30168877330388,"Up"
"SAE1",0.000965795259700161,0.168398445317944,0.429945163765377,3.30030580968081,"Up"
"CANX",0.000974705914401973,0.143887199994913,0.367651664836643,3.29772775036618,"Up"
"CLP1",0.000979349110820641,0.125917072225265,0.321865781341532,3.29639300315718,"Up"
"RBL1",0.000987915758851637,0.0784907560835582,0.200784992792986,3.29394571461726,"Up"
"AIMP2",0.000992945007867926,0.19212309041789,0.491677760906649,3.29251811544514,"Up"
"HNRNPH1P2",0.00099880933890478,0.171275442764384,0.438545456141463,3.29086190037792,"Up"
"PTGIS",0.00100828204875409,0.365562896574215,0.936768610957128,3.28820552057491,"Up"
"BRIX1",0.00100941395787967,0.155757574725543,0.399172962526692,3.28788965223658,"Up"
"NOA1",0.00101630253126731,0.157067076051626,0.402763550192529,3.28597438028649,"Up"
"MRPL15",0.00102718161231426,0.163941787034712,0.42077642935197,3.28297393883049,"Up"
"RUSC1-AS1",0.00102781145120077,0.154488284349266,0.396533743548561,3.28280113182488,"Up"
"WDR5",0.00103534329622717,0.0801881308166591,0.205952543349938,3.28074220061547,"Up"
"DRD3",0.0010393479440758,0.128053883453971,0.328998575027613,3.27965311378468,"Up"
"RNASEH2A",0.00104739029622495,0.158291319612119,0.406955139754014,3.27747762972513,"Up"
"TFDP3",0.00106510365926069,0.127623160858602,0.328584560426374,3.27274010235097,"Up"
"BRD4",0.00107713151924098,0.154569694643211,0.398348884386404,3.26956456640771,"Up"
"PUM3",0.00107933854698659,0.171477385891881,0.442000786453444,3.26898544192962,"Up"
"GGH",0.00108728319558528,0.187041348522189,0.482424834527476,3.26690979325004,"Up"
"EDC4",0.00108987506110281,0.100761278907796,0.259941325132843,3.26623566676052,"Up"
"WDR5B",0.00109821891177409,0.158126511891071,0.408200627438643,3.26407551273152,"Up"
"DEUP1",0.00110180692073319,0.118160420844972,0.305115307533188,3.2631512700915,"Up"
"EEF1AKMT4",0.00111181193166527,0.147892751067506,0.382190638578875,3.26058868290338,"Up"
"PSMA1",0.00111649531343305,0.172126073814572,0.444978112384045,3.2593964455012,"Up"
"RBMX",0.00112899719209947,0.185575567736649,0.480213150622993,3.25623637329096,"Up"
"YLPM1",0.00114153042703652,0.127337214780711,0.329827616276445,3.25310068196987,"Up"
"LARP1B",0.00116542222078117,0.156902419575044,0.407144331747839,3.24721034783287,"Up"
"RAB22A",0.00117233738548424,0.152528115870299,0.395998871525647,3.24552629150686,"Up"
"SLC25A14",0.0011918709613401,0.127915099676239,0.332580127447231,3.24081837479536,"Up"
"NUP37",0.00119573699246973,0.15160560678544,0.394287940628724,3.23989505535066,"Up"
"AIP",0.00121783833635286,0.128998535601132,0.336034688300012,3.23466897716561,"Up"
"NAPG",0.00123502969138598,0.106557273376549,0.277920423171299,3.2306641399243,"Up"
"ABHD5",0.00125437516524742,0.147961957329113,0.386443007031173,3.22621858981359,"Up"
"JMJD6",0.00129610378032645,0.208828977496134,0.547003786239938,3.21684106330821,"Up"
"XPO6",0.00129694737628429,0.145765978872063,0.381839584481012,3.21665437458264,"Up"
"EEF1G",0.00131736239890225,0.201627638586906,0.528908650560845,3.21217034235235,"Up"
"POLE2",0.00132824503610503,0.159020944737692,0.41745022091828,3.20980617637305,"Up"
"POLR2H",0.0013357226269002,0.187495758037443,0.492447866623261,3.20819206689219,"Up"
"DIAPH3",0.00134024038174205,0.149682855148722,0.39325328520209,3.20722090169354,"Up"
"AZIN1",0.00134274213566242,0.13471317141507,0.353983496520562,3.20668440738176,"Up"
"TRIM59",0.00135085313887308,0.329973454161135,0.867534463873675,3.20495134397212,"Up"
"PNPT1",0.00136576613552678,0.171594312137318,0.451584725847639,3.20178981160235,"Up"
"PDCD5P2",0.00136757472337115,0.216081503126505,0.568729380751069,3.2014085612256,"Up"
"SERP1",0.00138895876052514,0.158411476764374,0.417524450524135,3.19693571797062,"Up"
"ZNF107",0.00140570973386522,0.227695591473327,0.600786446032039,3.19347609973198,"Up"
"SNRPEP4",0.00140839607452898,0.265004513002485,0.699348666335916,3.19292482364448,"Up"
"CDV3",0.00143069643733995,0.135481878494569,0.358046600365639,3.18838553020954,"Up"
"TRIM33",0.00143312913804983,0.0995534805104408,0.263136872833739,3.18789430074283,"Up"
"GCDH",0.00143431070571144,0.1492616413563,0.394553537344936,3.18765598686999,"Up"
"ST3GAL6",0.00143485840387648,0.09010292696642,0.238183498317244,3.18754558138782,"Up"
"SELENOI",0.00144488447541381,0.0722108326169507,0.191007158239363,3.18553135120569,"Up"
"PDIA3P1",0.00144565183595116,0.132067030657118,0.349351530064861,3.18537772028347,"Up"
"DOT1L",0.00146184170392324,0.115817378273577,0.30667737602086,3.18215379410121,"Up"
"DUT",0.00150437918744993,0.180313998226185,0.47871158573893,3.17383744307933,"Up"
"GRAMD1B",0.00151534948929976,0.113787762997572,0.302293507674484,3.17172783745221,"Up"
"SF3A3P2",0.0015220352993639,0.102460015599008,0.272309514384103,3.17044903536295,"Up"
"CUL2",0.00154220238930422,0.110826368564835,0.294900798690522,3.16662275752106,"Up"
"KCTD9P4",0.001542761394134,0.0899385664312054,0.239327862738569,3.16651735599183,"Up"
"PCCB",0.00155468980073529,0.144240519833174,0.384097974951783,3.16427657195463,"Up"
"CCNB1IP1",0.00162280113153474,0.259202991166694,0.692968813930435,3.1517770804692,"Up"
"SLC9B2",0.00163402448119083,0.134945178903478,0.361001116046729,3.1497639150279,"Up"
"ZNF283",0.0016462608143156,0.117082348531207,0.313432004498198,3.14758349613546,"Up"
"SET",0.00166315014514761,0.19656002313624,0.526694994408023,3.14459831961475,"Up"
"LAGE3",0.00167284651351687,0.173852540363655,0.466101023822315,3.1428970731242,"Up"
"EFL1",0.00168931776569196,0.120556381448848,0.323508636262927,3.14002784573137,"Up"
"NCK1-DT",0.00169616545238357,0.159753754548348,0.428855232932391,3.13884257269596,"Up"
"SLC16A2",0.0017065316074296,0.156471981428381,0.4202845231135,3.13705663262111,"Up"
"CLEC3B",0.00171078736749606,0.172698884105718,0.463978080580881,3.1363263137633,"Up"
"ATP13A3",0.00171713914391629,0.145444969374568,0.390892348943394,3.13523940547282,"Up"
"CEP192-DT",0.0017255442701342,0.145499457370708,0.391217550372457,3.13380680021708,"Up"
"URB2",0.00174124343419296,0.127660105193814,0.343542733251981,3.13114807069295,"Up"
"ZNF239",0.00174630073317779,0.221301066778007,0.595699500472014,3.13029628555614,"Up"
"PPIAL4F",0.00176006993590765,0.121339659834708,0.326863767794632,3.12798862379849,"Up"
"NAA10",0.00176192058942812,0.106488024126997,0.28688488538761,3.12767972816475,"Up"
"CHERP",0.00179045209905605,0.152208723878666,0.410679489277772,3.12295485328759,"Up"
"EED",0.00179775908769447,0.15699496971486,0.423756102437663,3.12175593659397,"Up"
"RRP1",0.00181583431934071,0.163811782007561,0.442573581084512,3.11880932075574,"Up"
"MANF",0.001817141097655,0.147490751143791,0.398505810511832,3.11859733663523,"Up"
"C14orf178",0.00181721302341945,0.243057198817079,0.656719608001156,3.11858567298604,"Up"
"LARS1",0.00184838700325818,0.155689449534427,0.421337130205473,3.11356993208907,"Up"
"ELP2",0.00187198305427326,0.117284716275265,0.317785929994469,3.1098248605817,"Up"
"KTN1",0.00187974883935774,0.156297268937768,0.423658058301646,3.10860178722331,"Up"
"IGBP1",0.00188251653359191,0.177229513614638,0.480464022976539,3.10816701049239,"Up"
"EMILIN2",0.00189205228507865,0.285803800637589,0.775178212879552,3.10667352345925,"Up"
"NTS",0.00189547742596655,0.170888032226991,0.463574959940923,3.1061387659323,"Up"
"RHD",0.0019593465277952,0.125023393910491,0.340230892125975,3.09632624967683,"Up"
"MIS18A",0.00197171603233148,0.148969166773922,0.405639937718361,3.09445987464349,"Up"
"ZDHHC9",0.00198381014123553,0.122917019004085,0.33489685127176,3.09264541564868,"Up"
"EIF2B5",0.00199285285505172,0.095928679911325,0.261479194513128,3.09129537430687,"Up"
"CMSS1",0.00201381605141462,0.206360005924433,0.563055356590001,3.0881871502716,"Up"
"SNRPA1P1",0.00202055618005952,0.130186891141966,0.355330507134965,3.08719409462288,"Up"
"ROCK2",0.00204363160165397,0.0911281894441577,0.248996531400516,3.08381714594949,"Up"
"GCN1",0.00205238886895062,0.176392873672611,0.482170708076459,3.08254472449353,"Up"
"RBM25",0.00206037584964701,0.132665548303891,0.362777935268397,3.08138856053116,"Up"
"PARD6G-AS1",0.00206820026074891,0.0692902109790929,0.189545594419243,3.08025990956797,"Up"
"LAPTM4B",0.00208307142347536,0.209312199125761,0.572977260837068,3.07812553784416,"Up"
"CHSY1",0.00208788360371975,0.103608444716667,0.283684126510789,3.07743786614475,"Up"
"PPP1R3F",0.00209853389694505,0.1533220935649,0.420009127324033,3.07592106901549,"Up"
"LINC02141",0.00210433672592298,0.169580666408523,0.46467210985759,3.0750976085722,"Up"
"NSMAF",0.00213158176012091,0.161662903395363,0.44353011083037,3.07125898222691,"Up"
"NETO2",0.00216365148303816,0.2555789445414,0.702213380659023,3.0667978208491,"Up"
"ZNF85",0.00216895621018487,0.188598785966047,0.518306439760147,3.06606573965114,"Up"
"WIZ",0.00217613913368482,0.14950736612591,0.411008085900149,3.0650770687662,"Up"
"RPL7A",0.00219800023254115,0.205558366038489,0.565648832839108,3.06208636668819,"Up"
"ARL6IP1",0.00221258793834431,0.175052564405086,0.48201572376233,3.06010582879482,"Up"
"LDHB",0.0022240574153453,0.257704138778019,0.709960170254919,3.05855703106744,"Up"
"CSTF2",0.00222958971711397,0.0905838420084267,0.249614061988208,3.05781258360679,"Up"
"AURKB",0.00224619684358643,0.128214740638383,0.353567500443454,3.05558798926078,"Up"
"MYOM3",0.00226461750146931,0.151379287014577,0.417781487271723,3.05313802502662,"Up"
"UBR2",0.0022797011593531,0.150262034877901,0.414968881247338,3.05114544323813,"Up"
"SNRPD1",0.00228233422457398,0.197286627782032,0.54489553600638,3.05079884874821,"Up"
"CSE1L",0.00231324204750361,0.15710740763203,0.434498158051279,3.04675755846754,"Up"
"C14orf119",0.00233292609299898,0.156773724467441,0.433938228613637,3.04420951129777,"Up"
"THAP6",0.00233304950564059,0.109223798110729,0.30232508282718,3.04419359806239,"Up"
"SRRT",0.00234288603573968,0.145006982175376,0.401537816228418,3.04292771585672,"Up"
"TMPO",0.00234860776012028,0.0967209217992746,0.267893854548239,3.0421936130439,"Up"
"NCL",0.00235094604082985,0.197367903930897,0.546715787879417,3.04189408063413,"Up"
"ZNF577",0.00235455337096831,0.0958779417659794,0.265625455239066,3.041432518344,"Up"
"NDUFV1",0.00236319868397168,0.145698843133202,0.403798498835505,3.04032896991776,"Up"
"GEMIN6",0.00236640928093724,0.178717192064463,0.49537414927234,3.03992008785424,"Up"
"FAM234A",0.00240789426563875,0.118139204882133,0.328027330474417,3.03468199732357,"Up"
"PIH1D1",0.00241768698779387,0.182335320475822,0.506479711208824,3.03345758036877,"Up"
"SETD4",0.00241950706809478,0.14049696937203,0.390292957527224,3.03323050999075,"Up"
"PPM1A",0.00242016708508803,0.110199849734374,0.306137509874771,3.03314820592616,"Up"
"AVEN",0.00244805787333505,0.116256373061647,0.32333142267627,3.02968886659834,"Up"
"RCL1",0.00247165308028832,0.116016560266358,0.322973445642734,3.02679036360917,"Up"
"NUFIP1",0.00247547388994222,0.118895695747969,0.331039618472303,3.02632338806363,"Up"
"HMGCR",0.00247816844273609,0.139686364115122,0.388969061675139,3.02599445887933,"Up"
"CENPL",0.00248022209214805,0.0998195521635158,0.277979399713998,3.02574398565701,"Up"
"DDX49",0.00248968000915114,0.117151070561965,0.32636870510922,3.02459289505936,"Up"
"REXO2",0.00249763924887163,0.169618384815854,0.472687197643694,3.0236272991256,"Up"
"MAP3K20-AS1",0.00250722095348322,0.234137482600582,0.652737136097013,3.02246859693571,"Up"
"CHAF1A",0.00252466457917008,0.127446335788417,0.355546533166071,3.02036952472304,"Up"
"PLA2G2E",0.00253463587287755,0.129712247829446,0.362011018268894,3.01917558435872,"Up"
"RPS3AP6",0.00256418315341586,0.226299388189544,0.632309617412751,3.01566271641659,"Up"
"SNX1",0.00258596895971369,0.148377017578096,0.414937616949971,3.01309623890042,"Up"
"H2AC17",0.00262558439397637,0.134456402866695,0.376585499607379,3.00847958750007,"Up"
"LONP2",0.00264955027922485,0.100452083365835,0.281604741190012,3.00571750280654,"Up"
"ANK2",0.00265288273837013,0.153651383069122,0.43079705297609,3.00533524464006,"Up"
"ERI2",0.00265309014674201,0.092728973263887,0.2599890977669,3.00531146784822,"Up"
"ATF5",0.00265724453959897,0.112126355312973,0.314424346873336,3.00483557581534,"Up"
"ZHX1",0.00265762371065786,0.117889650055432,0.330590533454434,3.00479217506491,"Up"
"CCDC117",0.00270294337005651,0.0663529931523307,0.1863888018679,2.99964511063458,"Up"
"TAF5",0.00276319234186732,0.104124559940211,0.293147891143524,2.99292324328112,"Up"
"GSTO1",0.00277674218885967,0.216463082748177,0.609725239874433,2.99142996930097,"Up"
"POLD4",0.00280772432966184,0.136593670191445,0.385188473776816,2.98804040478079,"Up"
"HNRNPDL",0.00282275157398358,0.144397585211247,0.407417678544637,2.9864086512428,"Up"
"COX7B",0.00286146239599437,0.209262934941587,0.591260254571117,2.98224143794564,"Up"
"GLA",0.00290266927351445,0.14753967810107,0.417477891830294,2.97786170116813,"Up"
"ITGB1P1",0.00291945095758487,0.158842927100882,0.449728459077267,2.97609427899649,"Up"
"ZNF552",0.00292703422085062,0.149657470678849,0.423835186449564,2.97529866073259,"Up"
"TRIP13",0.00295703368733944,0.106604824959701,0.302226443272147,2.97216951610294,"Up"
"SSR4",0.00297650642432701,0.21594229952417,0.612615457528147,2.97015384740136,"Up"
"SH3GL3",0.00298361603727459,0.231601513830249,0.657201892570809,2.96942091203395,"Up"
"SMIM20",0.00300131455520638,0.143396478637884,0.407156921530837,2.96760325578153,"Up"
"PDCD6",0.00302555171627179,0.102544160601796,0.291404590138892,2.96512987384154,"Up"
"SYNPO2",0.00307560880962769,0.248069681276986,0.706154395175314,2.960078281613,"Up"
"SEPTIN6",0.00309343932168597,0.160143947902595,0.456139764686544,2.95829698430768,"Up"
"C8orf76",0.00310260732965861,0.0979804588399476,0.27916490322229,2.95738472673459,"Up"
"HSPD1",0.0031285088695503,0.253295714847359,0.722313771451865,2.95482062583082,"Up"
"HNRNPR",0.00313467177606963,0.127523457565918,0.363728550692908,2.95421338522017,"Up"
"CCT6A",0.00320950200247383,0.132920476354536,0.38005973523941,2.94692580622819,"Up"
"ZNF10",0.00322021099508552,0.1623845164679,0.464468690014454,2.94589557061589,"Up"
"CCT4",0.00322945957377812,0.169188934983095,0.484077171062496,2.94500834030801,"Up"
"MASTL",0.00327259186924029,0.10048379523375,0.287902085013624,2.94090092600995,"Up"
"MAP4K5",0.00332798226216816,0.115520417737938,0.331571015227616,2.93569792598292,"Up"
"POC1A",0.00333018389944199,0.0958926004547312,0.275253758572451,2.93549275316524,"Up"
"ILF3",0.00336779098530041,0.11850196583499,0.34055692722419,2.93200705291812,"Up"
"NUP62",0.00340298061052814,0.384212049723927,1.10538558053383,2.92877737202743,"Up"
"SLMAP",0.00341114800852806,0.0774698866399854,0.222939107348953,2.92803212277048,"Up"
"RARS1",0.00342700811903157,0.152047934919472,0.437771899129729,2.9265895661201,"Up"
"NUDT6",0.00345157254651298,0.133768565781766,0.385435162669026,2.9243672591129,"Up"
"BAG5",0.00345677622875135,0.0978777517265655,0.282066098102898,2.92389833821486,"Up"
"HAUS1P2",0.00348915534439005,0.134289460893952,0.387382774558721,2.9209949041759,"Up"
"HHAT",0.00349016840164964,0.155663775486835,0.44905484060412,2.92090445956578,"Up"
"STRBP",0.00349549432538308,0.174518154829192,0.503527368621421,2.92042935968942,"Up"
"WDR77",0.00350193008224085,0.113102930413733,0.326393557539825,2.91985613513518,"Up"
"NCAPH",0.00352007142734117,0.126538226151441,0.365366814637975,2.91824545324561,"Up"
"NUP50",0.00352075793979312,0.173677159120857,0.50148634533451,2.91818464958594,"Up"
"TAFAZZIN",0.00353731656742076,0.109242257997072,0.315591214863545,2.91672132838459,"Up"
"CENPO",0.00355405902736735,0.112087301091268,0.323973932695507,2.91524808433836,"Up"
"MTA2",0.00358594801246417,0.121435985566233,0.351331180280987,2.91245941056527,"Up"
"GPATCH4",0.00358781695196492,0.168195043358995,0.486638823343602,2.91229667356012,"Up"
"USP14",0.00359668496704295,0.108667166141691,0.314490051086676,2.91152554483884,"Up"
"NBR2",0.00362312803471569,0.0549190795225342,0.159064554767025,2.90923637978074,"Up"
"RPS13",0.00367425871032059,0.234817667284133,0.681139107395032,2.90485278622607,"Up"
"TYRO3",0.0037240499668112,0.158748946786415,0.461154704208212,2.90063700912045,"Up"
"UBE2S",0.00374633942877527,0.209048391843428,0.607662998319101,2.89876636291318,"Up"
"PLPPR5",0.00374925684074093,0.331435014902781,0.963498230324013,2.89852226786822,"Up"
"KRT18P11",0.00375400227573739,0.192563913339029,0.559869585442119,2.89812559369928,"Up"
"PLAA",0.00377107046917459,0.118334279906919,0.34421979067173,2.89670260925693,"Up"
"CKAP4",0.00377886702610828,0.152558374105928,0.443872753759026,2.89605455275746,"Up"
"FUS",0.00380556218583657,0.219677470901839,0.639645663050832,2.89384479335457,"Up"
"RMND5A",0.00383580546630647,0.110689262054926,0.322576522479322,2.89135828357427,"Up"
"RAB8A",0.00391908446867322,0.12980541724351,0.379171818567552,2.88460226605317,"Up"
"TBC1D1",0.00392077903812575,0.178161883825319,0.520449413364398,2.88446615258704,"Up"
"BEX2",0.00395004855035679,0.177743055346016,0.519647959279698,2.88212351986046,"Up"
"MTHFD2L",0.00395548894426839,0.0939829370495413,0.274809001367452,2.88168982734142,"Up"
"RRP1B",0.00404393248284873,0.0797775570681138,0.233838070968475,2.87471429100473,"Up"
"HDGF",0.00405788488830367,0.150733199451964,0.441985239978969,2.87362653656206,"Up"
"DYM-AS1",0.00410784174182533,0.156507952192067,0.459536581087387,2.86975944927593,"Up"
"MRFAP1",0.00412028968342345,0.162042656393897,0.475946212579644,2.86880251660758,"Up"
"RPGRIP1L",0.00412221494362485,0.112184725554437,0.329522156954518,2.86865474698517,"Up"
"SUMO3",0.00422968174150328,0.118106990599892,0.347906236384695,2.86050403233762,"Up"
"TENT4B",0.0042474134843392,0.0896048655386025,0.264070375581595,2.85917727715845,"Up"
"SNAPC4",0.00428294317536854,0.128611591622295,0.379376050191271,2.85653386140132,"Up"
"ABCD4",0.00429299580545386,0.140872630659036,0.415651735817571,2.85578955309686,"Up"
"ABCC4",0.00431089742830575,0.0627958030964322,0.185367936121335,2.85446800071768,"Up"
"PRMT5-AS1",0.00436212258357042,0.148740128359294,0.439646603340323,2.85071370804319,"Up"
"LAMTOR3",0.0044462099479641,0.0998355802999219,0.295724773984747,2.84463672408625,"Up"
"PPRC1",0.00445979759926005,0.148002011941621,0.438549309660941,2.84366453641372,"Up"
"RACGAP1",0.00446085569314395,0.181262687199781,0.537119316877112,2.84358894316812,"Up"
"CAMK2B",0.00449539993615755,0.156927439551738,0.465411355006089,2.84112988426492,"Up"
"RP2",0.00452198372625142,0.106882686860447,0.317199896025418,2.83924912627797,"Up"
"FIGNL1",0.00453534600178713,0.137238750944604,0.407423878739098,2.83830754771102,"Up"
"RABEPK",0.00453889390602546,0.155191547502789,0.460761280695818,2.83805796531935,"Up"
"CSNK1A1L",0.00460815700218325,0.105149740997092,0.312720958155913,2.83322061775744,"Up"
"EIF3M",0.00463325467866238,0.235729494212807,0.701502110176773,2.83148403315806,"Up"
"DAP3",0.00467389002272701,0.122213639536183,0.364052021137015,2.82869032793885,"Up"
"GAL",0.00472986815458451,0.60373525887858,1.80084394702356,2.82487759312316,"Up"
"UTP18",0.0047506634248618,0.132326561148239,0.394905131055984,2.82347160246539,"Up"
"ZNF587B",0.00479166608316083,0.11754607519367,0.351138140497754,2.8207156118868,"Up"
"PNO1",0.00481037786833378,0.12462424134776,0.372447442344737,2.81946498639861,"Up"
"UBFD1",0.00483704824810038,0.112677468119116,0.336955880099126,2.81769002563381,"Up"
"HSPG2",0.00488689593083711,0.108189080688818,0.323912248978114,2.81439618471432,"Up"
"RPLP0",0.00497055686148451,0.187483568138961,0.562406825127348,2.8089357286706,"Up"
"RCN1",0.00497810935413086,0.230458475472219,0.691441821838398,2.80844688518227,"Up"
"WDR35",0.00498322728827168,0.0863338215502853,0.259056858862354,2.80811600228624,"Up"
"SCARB2",0.00498726002749984,0.101312572035039,0.304030925829901,2.80785549543262,"Up"
"ZRSR2P1",0.00499143084555908,0.130955603858265,0.393024978012805,2.80758626926389,"Up"
"PTGES3",0.0050105907617308,0.112907998313159,0.339009386130137,2.80635210498572,"Up"
"KIF6",0.00502836056954673,0.143370299414028,0.430648350713194,2.80521129103846,"Up"
"MAPK13",0.00504554744756066,0.100717644834352,0.302649164111655,2.80411136329039,"Up"
"AIFM1",0.00506156885156582,0.122132476867514,0.367133015241534,2.80308906998633,"Up"
"PTBP1",0.00508332209025295,0.131437919259748,0.395300473118376,2.80170571216505,"Up"
"IPO7",0.00508641558264116,0.152286768208758,0.458035624427325,2.80150942190215,"Up"
"ZSCAN2",0.00509806648945315,0.159670072380781,0.480369116977915,2.80077110834798,"Up"
"DUSP4",0.00510248809551719,0.204140493428043,0.614220213791482,2.80049131202765,"Up"
"NUTM2B-AS1",0.00512135076156086,0.0921748802379472,0.27745482951784,2.79930015116063,"Up"
"LDAH",0.00512189600557104,0.131996081496385,0.397325170303929,2.79926577848102,"Up"
"SLC1A5",0.0051342568162038,0.0900893652554231,0.271255992471714,2.79848742767127,"Up"
"PTEN",0.00515311823061545,0.122661596116319,0.369486245014485,2.79730299636041,"Up"
"SCFD2",0.0051535735296351,0.103986987628319,0.313237026521729,2.79727445362169,"Up"
"ALDH18A1",0.00516065292351673,0.137135673586511,0.413155371282191,2.79683093868365,"Up"
"RET",0.00519859603014268,0.179869541885637,0.542360947928114,2.79446318056418,"Up"
"LRPPRC",0.00521670793187742,0.1732129273988,0.522499545409824,2.79333844734321,"Up"
"MED28",0.00522890223530905,0.141298354358649,0.426344005127852,2.79258317745616,"Up"
"BTN2A2",0.00524487369177933,0.165172136249765,0.498555297717571,2.7915963680812,"Up"
"CMBL",0.00529347107601734,0.190770327526653,0.576437419279779,2.78861034737457,"Up"
"GAD1",0.00530107010451472,0.0984576586901797,0.297552235731693,2.78814567264019,"Up"
"PFN2",0.00530763094590173,0.175691355674971,0.531039135520512,2.78774496594992,"Up"
"UTP15",0.00531621326794089,0.0729480013808506,0.220531734437117,2.78722147113114,"Up"
"GTF2F2",0.00533348619300805,0.1315174033207,0.397745027748842,2.78617018654279,"Up"
"ZNF16",0.00534946209441252,0.117978606801866,0.356924172482345,2.78520057644002,"Up"
"LZTFL1",0.00536093052551645,0.115349196118382,0.349056368384524,2.78450614497389,"Up"
"NFIB",0.00537625723179948,0.197377858351945,0.597480686260446,2.78358018029273,"Up"
"MKS1",0.00540013404740765,0.114708431329419,0.347412276002316,2.78214239793113,"Up"
"DPCD",0.00541573901065569,0.124564870425967,0.37739107552999,2.78120581736464,"Up"
"PDZRN3",0.00542509702243751,0.25664319730252,0.777702208714175,2.78064533507409,"Up"
"KISS1",0.00543383709636262,0.0824555293068031,0.24991078697643,2.78012265085293,"Up"
"RPP25L",0.00547977442337068,0.135605175141395,0.411404373625795,2.77738786704908,"Up"
"RSRC2",0.00548722061378501,0.102568372498942,0.311225463373188,2.77694652391186,"Up"
"PABPN1",0.00549314273392231,0.108252306888819,0.328513829194277,2.77659589970447,"Up"
"KLF1",0.00551160023941808,0.0954261689914304,0.289704074637789,2.77550529176212,"Up"
"CLNS1A",0.00556933133271219,0.191456880724744,0.581954285141623,2.77211525592472,"Up"
"RPUSD4",0.00559697102195494,0.1367531150182,0.41591799360548,2.77050343290697,"Up"
"CDC20",0.0056836800170571,0.102981970256009,0.31377460032663,2.76549314192618,"Up"
"PSMD6",0.00569587064158229,0.132065130809202,0.402489467045506,2.76479426947749,"Up"
"RPS15P4",0.00570090034043876,0.220024588657578,0.670629734763023,2.76450631653754,"Up"
"MISFA",0.00577232115282635,0.135012054619921,0.412119437763483,2.76044197183589,"Up"
"MRPL21",0.00581893807170491,0.193121126805773,0.590057130517237,2.75781353138396,"Up"
"DDIAS",0.00584292666222804,0.130793169794327,0.399816974857035,2.75646835252446,"Up"
"TMED3",0.00584844337428159,0.103516833106448,0.316472350602962,2.75615970285546,"Up"
"MYBL2",0.00585990650725036,0.112875304970546,0.3451633453365,2.75551920047462,"Up"
"MARK2",0.00591660601865441,0.0829224044378959,0.253860200905957,2.75236762931758,"Up"
"INTS7",0.00594670657538686,0.104828526317816,0.321117924088975,2.75070557260619,"Up"
"SMC6",0.0059489996425123,0.0681545937188255,0.208785407909667,2.75057926774881,"Up"
"CNIH3",0.00595212598221206,0.0743650255264835,0.227824759029383,2.7504071359137,"Up"
"CSGALNACT1",0.00599887405445343,0.185369238483051,0.568427312067076,2.74784292316608,"Up"
"DHFRP1",0.00616569957897386,0.123925910750861,0.381263437952067,2.73883666992302,"Up"
"NUP155",0.00634309555215053,0.105271525320743,0.324980580577722,2.72949736758552,"Up"
"ZNF141",0.00640233225912561,0.133077446690296,0.411281439572765,2.7264310745682,"Up"
"AATK",0.0064026028795748,0.0820825728146239,0.253680937505149,2.72641712501412,"Up"
"LINC00472",0.00652066850095754,0.127544241241585,0.395057447866453,2.72038126407133,"Up"
NA,0.00653748577699782,0.139503686682645,0.432236144425832,2.71952952814648,"Up"
"NFYA",0.00655798534620555,0.0699439389070503,0.216795811964439,2.71849395805383,"Up"
"HSP90AB1",0.00658477848818163,0.144074989025104,0.446791580333999,2.71714483783859,"Up"
"ZNF622",0.00661902839847579,0.11350707772397,0.352219923714344,2.71542741572285,"Up"
"GINS3",0.00662863802526046,0.0975667294753851,0.30280954993487,2.71494698768714,"Up"
"SLC25A15",0.00664600891061512,0.116210301215673,0.360787212432291,2.71408012669785,"Up"
"SPINK5",0.00665208233281141,0.19469779397376,0.604527363646128,2.71377752470153,"Up"
"HINT1",0.00670304818220752,0.152775084378279,0.474801924539293,2.71124794582525,"Up"
"ZNF165",0.00688866568522614,0.0828838349878108,0.258454971607654,2.70217904124018,"Up"
"NCLN",0.0068919668853601,0.149449866225887,0.46605394258226,2.70201974780682,"Up"
"UBL5P2",0.00689881666784851,0.130063058196033,0.405646478485074,2.70168944251651,"Up"
"NUP107",0.0069980665489059,0.134439823167112,0.420035914490381,2.69693625331977,"Up"
"RFWD3",0.00703694013030141,0.160746015346166,0.502569293805322,2.69509104006814,"Up"
"NUTM2A-AS1",0.00707758115567146,0.141898367265685,0.443958659692987,2.69317169300557,"Up"
"SLC6A8",0.00711211557791531,0.161687843979359,0.506179245293234,2.69154850290789,"Up"
"CHCHD6",0.00716704934440927,0.133925016347083,0.419665381215691,2.68898102303946,"Up"
"PTPN2",0.00720128450017454,0.154328644307086,0.483888209065277,2.68738986993448,"Up"
"CRABP2",0.00740469770359969,0.136726416911611,0.430188822385632,2.67807345727415,"Up"
"PRPF4",0.00744592865689921,0.074615983128771,0.234931011676706,2.67621309263772,"Up"
"PIGM",0.00745307154543386,0.0949665841051609,0.299041492950057,2.67589174071799,"Up"
"CELF1",0.00748058865280395,0.105408327252851,0.332074942468659,2.67465634765963,"Up"
"THUMPD3",0.00754026766042766,0.0840663854879874,0.265104172102122,2.67199097394247,"Up"
"ANAPC7",0.00754412663186091,0.118392266619688,0.373375167655623,2.67181927707478,"Up"
"RBM28",0.00756153783675353,0.0923265959104152,0.291255877882425,2.67104557973157,"Up"
"NOL8",0.00765707110860957,0.139264496947044,0.440022095355015,2.66682860190258,"Up"
"MAGEA5P",0.00772913229667431,0.0944567943774723,0.298799950975855,2.66367880556654,"Up"
"ME2",0.00774362732818769,0.0846558105073248,0.267859396116736,2.6630484084026,"Up"
"ELAVL1",0.00777838344751677,0.147063991708563,0.465588602394915,2.66154114169323,"Up"
"OVOL2",0.00778485888259512,0.199955421981781,0.633103758169373,2.66126098895534,"Up"
"DCAF1",0.00782835922911829,0.129701993806908,0.410955419193424,2.65938438734205,"Up"
"TRMT10C",0.00783050598806832,0.110519265618856,0.350187899061316,2.65929201843402,"Up"
"URI1",0.00785739100998602,0.127361243104161,0.403728193562952,2.65813714970651,"Up"
"NCBP1",0.00788626161783539,0.0739688324639838,0.234586263794334,2.65690092338463,"Up"
"STXBP6",0.00789170231590354,0.0848187198248943,0.269019360613483,2.65666840923204,"Up"
"TRNT1",0.00793796304766585,0.076035709028154,0.241341376217334,2.65469718629568,"Up"
"SHMT2",0.00793842959379463,0.240372253307724,0.76295998873731,2.65467735868928,"Up"
"RACK1",0.00795074417123702,0.192756601202065,0.611944807161711,2.65415438204351,"Up"
"SCML1",0.00798013946452658,0.319913820677488,1.01610791098416,2.65290894638023,"Up"
"ITGB1",0.00803036228517683,0.147458139077625,0.468729739429853,2.65079055289575,"Up"
"PRSS23",0.00804588355641155,0.260687246788977,0.828858559202685,2.6501382666711,"Up"
"PYROXD2",0.00809563927988462,0.0837444781199644,0.266476171942631,2.6480548342132,"Up"
"RBM8A",0.00809988563833819,0.117714569204726,0.374594583515941,2.64787755683538,"Up"
"POP7",0.00816634623199902,0.114408527647617,0.364454418364491,2.64511373908846,"Up"
"GCLC",0.00817769349336091,0.143683738928591,0.457793474239981,2.64464386739513,"Up"
"USP46",0.0081995853571578,0.0759983399279462,0.242222622197465,2.6437390072658,"Up"
"LIG1",0.00821855716502794,0.16912464931955,0.539195244926911,2.64295658930677,"Up"
"SHISA5",0.00824278983732129,0.0696339389943492,0.222087426799787,2.64195955492593,"Up"
"LGR4",0.00826406040040318,0.180128519324148,0.574683885419709,2.64108655341411,"Up"
"METTL8",0.00828011291255467,0.0953243527397885,0.304199529512559,2.64042904505344,"Up"
"CDKN2A",0.00833264916533285,0.230862601558242,0.737328519860383,2.63828511356543,"Up"
"USP1",0.0084272863940014,0.128964289744338,0.412484961503246,2.63445342787012,"Up"
"EEF1D",0.00850799706399471,0.137130347142299,0.439143305687889,2.63121588898797,"Up"
"GSTCD",0.00851653685970452,0.0713616963327101,0.228556793740581,2.6308749415248,"Up"
"CDC42EP3-AS1",0.00855551325240385,0.200084447586394,0.641207533839558,2.62932269767758,"Up"
"SART1",0.00856149687985377,0.162274640647115,0.520086055844276,2.62908495837538,"Up"
"ARHGEF38",0.00863265764775254,0.0813784683224777,0.261095559639016,2.62626895434348,"Up"
"RAB33A",0.00864961161429658,0.161339935688851,0.517776466186582,2.62560110644158,"Up"
"KARS1",0.00865328270881205,0.192969915211643,0.61931832226569,2.62545664940442,"Up"
"ATP5MC3",0.0086817251749409,0.102488869634034,0.329068183854745,2.62433929498671,"Up"
"TMSB15B",0.00871877661777432,0.218775135715577,0.702825135207933,2.62288863593509,"Up"
"CHRD",0.00873611515564483,0.128944671508266,0.414347599491161,2.62221167907323,"Up"
"DESI1",0.00874937600571821,0.152359941430033,0.48968618152136,2.62169473913537,"Up"
"KRT7",0.00875820774910841,0.123810271667368,0.3979794977166,2.62135084473569,"Up"
"CHORDC1",0.00881618029786134,0.167480637588452,0.538817272825063,2.61910114541845,"Up"
"HPF1",0.00882711125105944,0.159396139793399,0.51289067339666,2.61867843739597,"Up"
"ILF2",0.00887767192303277,0.114917922613212,0.370048072633769,2.61672928241284,"Up"
"ZNF208",0.0088781826958603,0.272242000296138,0.876655106059843,2.61670964235255,"Up"
"IQCF3",0.00888521380456901,0.0911446127426734,0.293527976138063,2.6164393871155,"Up"
"NFYC-AS1",0.00888569439315199,-0.260143115919966,0.837787543680424,-2.6164209216729,"Down"
"PTP4A2",0.00881831710841267,-0.15847129195114,0.509848575973595,-2.61901847657258,"Down"
"EXOC7",0.00881545360140528,-0.10849563730183,0.349047487743778,-2.61912926390268,"Down"
"MAPK3",0.00873928704371942,-0.0746312911428705,0.239829649020594,-2.62208796745292,"Down"
"ASIC2",0.00871982593058198,-0.155542614777715,0.499695579634733,-2.62284763292592,"Down"
"RAC1P2",0.00871355960328683,-0.135947742170516,0.436704389901927,-2.62309256179263,"Down"
"CDC42P6",0.00869735484189557,-0.211042367441434,0.677766708743656,-2.62372668000106,"Down"
"KRT75",0.00865325704416628,-0.0595733660892085,0.191194896408752,-2.62545765911436,"Down"
"CELSR3",0.00860959092665937,-0.163934770431142,0.525787803677029,-2.62717948005616,"Down"
"SLC37A1",0.00858919217520763,-0.15125697887193,0.484977359374014,-2.62798651025305,"Down"
"PIGK",0.00854736625038932,-0.114079481002844,0.36554371291931,-2.62964663049308,"Down"
"CLEC4E",0.00852333745849216,-0.257720206814594,0.825509788517555,-2.63060364928378,"Down"
"SORBS1",0.00849242963930343,-0.0957593957799791,0.306585340693252,-2.63183819946006,"Down"
"MINK1",0.0084840037271014,-0.0630588369631767,0.201864660770129,-2.63217545233981,"Down"
"WDR37",0.00841532559428951,-0.107849097188715,0.344886097813403,-2.63493556735254,"Down"
"TMEM25",0.00835425691539459,-0.150626363154977,0.481230380089785,-2.6374068393103,"Down"
"CCNT1",0.00828735621752077,-0.0833810154888844,0.266115758408654,-2.64013273377812,"Down"
"SNHG14",0.00828692984247098,-0.302578124183281,0.965690748116329,-2.64015016963583,"Down"
"SELENOM",0.00825980875199875,-0.159899943574474,0.510112756194835,-2.64126089167306,"Down"
"NGFR",0.00823916559745857,-0.193588933332946,0.617389234361073,-2.64210850450117,"Down"
"SULT1C2",0.00822510853068628,-0.067526197012381,0.215305822127444,-2.64268677928525,"Down"
"MYO1C",0.00809092364716891,-0.0874237712994616,0.278163047250239,-2.64825180047185,"Down"
"TRAF1",0.00805921119749291,-0.10472924552518,0.333058303288403,-2.64957906683017,"Down"
"CREBRF",0.00804527855172276,-0.155663183140326,0.494928411262988,-2.65016367107042,"Down"
"RPRM",0.00802143245367437,-0.261639222768591,0.831562788563497,-2.65116634354696,"Down"
"SEPTIN5",0.00796074663191766,-0.0974411347541008,0.30939604074824,-2.65373013022625,"Down"
"STMN4",0.00788127701178565,-0.260710780700449,0.826757160607743,-2.65711407210417,"Down"
"ST3GAL3",0.00785661721058017,-0.100181179788699,0.317564910284642,-2.65817033940073,"Down"
"RPL30",0.00771800509464385,-0.232994072269462,0.736907845090058,-2.66416345311785,"Down"
"KCNMB4",0.00755266545590286,-0.196261424666047,0.619040061536444,-2.67143963967141,"Down"
"ZNF3",0.00747190162783579,-0.105244810974702,0.331511521065302,-2.67504591476261,"Down"
"FBXO42",0.00742784864043433,-0.126797161233479,0.399103773994052,-2.67702773309983,"Down"
"AP4M1",0.00738329919721939,-0.0853381651157944,0.268406389291027,-2.67904263580725,"Down"
"CASP9",0.00716769764467441,-0.108247166313291,0.339205472330686,-2.688950828566,"Down"
"ABCA6",0.00715282527505339,-0.164145146978345,0.514235909663567,-2.6896441243951,"Down"
"TMEM94",0.00701226725078543,-0.0888016105592468,0.277516025478979,-2.69626112358751,"Down"
"RAB4A",0.00694110292590965,-0.110591213072014,0.345176508969536,-2.69965684433146,"Down"
"SLC46A1",0.00687935851059863,-0.140195043300972,0.437094638509307,-2.70262851161873,"Down"
"MAL",0.00687047021015083,-0.165774524958913,0.51676317698003,-2.70305826364046,"Down"
"BICRAL",0.00684005830226505,-0.165684739404624,0.516201761780842,-2.70453247686857,"Down"
"ENTPD3",0.00676377700823845,-0.214775982898741,0.668228709782208,-2.70825627976354,"Down"
"MXD1",0.00674547888482667,-0.0858359134566952,0.266971149317592,-2.70915514486216,"Down"
"APLP1",0.0067350774046275,-0.169291313656357,0.526438829271008,-2.70966707782853,"Down"
"SYNPR",0.00662428456148511,-0.291320633541089,0.904074591729589,-2.71516455908547,"Down"
"CYTH1",0.00654986576229546,-0.203069641890099,0.629332757990039,-2.71890378377276,"Down"
"TMCC1",0.00654891257238118,-0.167911820146736,0.520366002922987,-2.71895192479061,"Down"
"HPCAL4",0.00652887105363468,-0.221259016623148,0.685435735501362,-2.71996558710011,"Down"
"SLC16A12",0.00652559271405251,-0.166134486604065,0.514634671662949,-2.72013166561859,"Down"
"ST7",0.00652007261370667,-0.117030069269446,0.362486667519702,-2.7204114798952,"Down"
"NPAS3",0.00644533319772843,-0.189996307461704,0.587667907365464,-2.72422115102361,"Down"
"PHF14",0.00640299513548285,-0.156468960912048,0.483579957250227,-2.72639690651194,"Down"
"MYCL",0.00638364053274081,-0.0876602999247211,0.270822005890819,-2.72739585506593,"Down"
"RAP1GAP2",0.00627491414723545,-0.177540602806049,0.547366103477589,-2.73305873447284,"Down"
"SSU72",0.00622025671731233,-0.138062215037675,0.425204263806786,-2.73593893793255,"Down"
"RBFOX1",0.00616545660821248,-0.393913483476669,1.2118861792417,-2.73884962655892,"Down"
"SYT5",0.00615174852447776,-0.0896443263396774,0.275719687972583,-2.73958136833787,"Down"
"GNAO1",0.00613904879859026,-0.23629184478585,0.72658435400625,-2.74026059516358,"Down"
"MLF2",0.00606162469676696,-0.0838068630896511,0.25731004701397,-2.74442909870187,"Down"
"XKR4",0.00605269485385025,-0.201685422582021,0.61912038819016,-2.74491296064458,"Down"
"EPS15",0.00603134214613463,-0.160324619407231,0.491945942107344,-2.74607256574962,"Down"
"SYN1",0.00594675226131196,-0.214339204808104,0.656579138270134,-2.75070305574277,"Down"
"LGALS3BP",0.00593018345095872,-0.119387644807568,0.365595277780067,-2.75161698565625,"Down"
"KLRB1",0.00585770273539373,-0.15438957378355,0.472089464026387,-2.75564224844539,"Down"
"MTMR14",0.00579500730583473,-0.0775586788032695,0.236855033860371,-2.75916045842321,"Down"
"HECW1",0.00577211138514175,-0.0988123446540225,0.301619828835499,-2.76045384253438,"Down"
"PPFIA2",0.00576474671957194,-0.145344740438332,0.443590669947351,-2.76087085380355,"Down"
"NKAIN1",0.00574826568114416,-0.176312930439345,0.537923106372508,-2.76180580687076,"Down"
"SH3PXD2A",0.00562969629636955,-0.201168899531418,0.612250467415455,-2.76860430064248,"Down"
"KAT2B",0.00554718391168813,-0.135665173435135,0.412176433022132,-2.7734120119066,"Down"
"IRF2BP2",0.00549321915998288,-0.172962090218753,0.524889794480951,-2.77659137706428,"Down"
"WSCD1",0.00543219841859051,-0.169727735518154,0.514402103447068,-2.78022059115703,"Down"
"DYNC1I2",0.00542237693901604,-0.127624919922576,0.386717323974729,-2.78080815983185,"Down"
"ITM2B",0.00538933249128302,-0.106643786219898,0.32291183695146,-2.78279211920788,"Down"
"ZCCHC17",0.00531402930828698,-0.157646685567441,0.476564617020788,-2.7873546134,"Down"
"TUBBP1",0.00529440622225587,-0.14116340883635,0.426552398070335,-2.78855313140468,"Down"
"ZBTB20",0.00529145677307072,-0.121471850442599,0.367026810009837,-2.78873362146702,"Down"
"FOXJ2",0.00521698741124749,-0.114592639333787,0.34567266010442,-2.79332111957709,"Down"
"CCDC82",0.00515295885233341,-0.138333457191151,0.41669217345115,-2.79731298833854,"Down"
"NUP88",0.00512413356050605,-0.123637897728753,0.372184713031541,-2.79912475560178,"Down"
"PAWR",0.00510571512015725,-0.0546115195892417,0.164327728879016,-2.80028724633866,"Down"
"EPB41L3",0.00509760532719615,-0.344263512829333,1.03570965677544,-2.8008003030223,"Down"
"PITPNA",0.00509699546122411,-0.118165121585005,0.355492423001791,-2.80083891530884,"Down"
"RAI1-AS1",0.00507498405363976,-0.114816995024101,0.345247663312112,-2.80223532086445,"Down"
"RBMS3",0.00503298117123449,-0.251046290740861,0.754159558867637,-2.80491524758906,"Down"
"AKR1C3",0.00502561060453674,-0.303195890740871,0.910667027594126,-2.80538759895986,"Down"
"RASSF4",0.00497281018738367,-0.246634337058867,0.7398837237045,-2.80878980937831,"Down"
"MLLT11",0.00496198091271953,-0.221162939250112,0.663305784382604,-2.80949163157369,"Down"
"ARF3",0.00494998951084251,-0.0965259826679182,0.289417840646452,-2.81027038673981,"Down"
"INPP5K",0.00492799727788002,-0.156290399795805,0.468373183342277,-2.81170306846258,"Down"
"CDK11B",0.00490829755353234,-0.119164690870506,0.356950810534926,-2.8129913234947,"Down"
"FHDC1",0.0047618081274904,-0.105140178911285,0.313855704022774,-2.82272038815889,"Down"
"GNAI1",0.00468738115181453,-0.204163699597773,0.608364658755483,-2.82776766582042,"Down"
"PJA2",0.00466325376923887,-0.145808580714933,0.43422509913762,-2.82941944571683,"Down"
"SRSF4",0.0046367824968046,-0.087160312468963,0.259400717489461,-2.83124061586365,"Down"
"FLRT2",0.00463318603329432,-0.150435015381487,0.447675436179697,-2.83148877131086,"Down"
"CD52",0.0045984005398472,-0.395393345176028,1.17563989041957,-2.83389800985864,"Down"
"TTC39A",0.00453991340090799,-0.249894005270147,0.741950139269043,-2.83798628018269,"Down"
"S100B",0.00452354648287781,-0.320061807428675,0.949896727124765,-2.83913887589731,"Down"
"AIG1",0.00452249088058228,-0.133259497554636,0.395484364599987,-2.83921334343854,"Down"
"FAM124A",0.00451836089919062,-0.132520659190666,0.393251282692147,-2.83950484467907,"Down"
"MFN2",0.00449628767271286,-0.165531302467682,0.49093935059946,-2.84106691598167,"Down"
"CGNL1",0.00447016088583675,-0.357482613884686,1.05954332323215,-2.84292485248283,"Down"
"DPYSL3",0.00446374312668554,-0.199982260899044,0.592632310457279,-2.84338273931362,"Down"
"DAPK1",0.00445528839620662,-0.146701834827119,0.434647447111036,-2.84398686905735,"Down"
"EPHB3",0.00445287086029628,-0.216385901668131,0.641068062897441,-2.84415980421595,"Down"
"PAQR8",0.00436787470525252,-0.160930774798068,0.475749698042109,-2.85029463422132,"Down"
"MREG",0.00435552662120254,-0.14228043185838,0.420482036552402,-2.85119487733816,"Down"
"NT5C3A",0.00428376404471164,-0.0975316959386979,0.287703286790403,-2.85647302392507,"Down"
"SIAH3",0.00427746294190277,-0.195682971328823,0.57713982657793,-2.85694029166811,"Down"
"BMPR2",0.00421974789992295,-0.0545138209981407,0.160538819242769,-2.86124952584731,"Down"
"PREPL",0.00420283014520606,-0.161788997403929,0.476243655240009,-2.86252280482458,"Down"
"RPS4Y1",0.0041895289488753,-0.95189628475797,2.80102831772604,-2.86352716005825,"Down"
"KIFAP3",0.00411845934126116,-0.172582127644106,0.506877559349026,-2.86894305908963,"Down"
"PLA2G4B",0.00409409741498382,-0.120861026616033,0.354739562292612,-2.87081910296352,"Down"
"BIRC3",0.00407377089613801,-0.39639906396248,1.16283491122946,-2.87239216043426,"Down"
"GTF2IRD2P1",0.00407340008236539,-0.143453903642914,0.420817181670441,-2.87242092360344,"Down"
"HS6ST3",0.00396666845400771,-0.418102248285439,1.22292132919001,-2.88080032661487,"Down"
"GNAI2",0.00392703018813903,-0.110116211170226,0.321729233296959,-2.88396450103936,"Down"
"FAM228B",0.00392210805574254,-0.107245708306335,0.31329951064714,-2.88435943884168,"Down"
"TGFBR2",0.0038645259730442,-0.119376465636009,0.348175600882344,-2.88901340671877,"Down"
"C3orf62",0.00378533296771705,-0.10282885156484,0.299238788544703,-2.89551801924778,"Down"
"ZBTB38",0.00378053741169825,-0.191526508906761,0.557278292508693,-2.89591586694863,"Down"
"CRLF3",0.00370129445891581,-0.0863548228177556,0.25068882237759,-2.9025572971201,"Down"
"NDFIP2",0.00364183393056405,-0.161144325187578,0.466987892042754,-2.90762617674818,"Down"
"PEMT",0.00364073296996227,-0.140175847973833,0.406209122431889,-2.90772073886047,"Down"
"LANCL2",0.00362748696977269,-0.0942880269486308,0.273125864949949,-2.90886048830287,"Down"
"SAMD4A",0.00359077183175932,-0.215759945675076,0.624313507690431,-2.91203953609163,"Down"
"PCDH20",0.00355552963945907,-0.303931915953911,0.878515032102579,-2.91511898043091,"Down"
"PCSK5",0.00355257686422307,-0.201177038426007,0.581450402134547,-2.91537825148729,"Down"
"HRK",0.00354845454279913,-0.3212758099514,0.928449583420538,-2.9157405436875,"Down"
"MAGI1",0.00345677330185927,-0.167959604959549,0.484029366260575,-2.92389860178608,"Down"
"KIAA0319",0.0034363210120092,-0.182570207289347,0.525802396076905,-2.92574534124963,"Down"
"NRP2",0.00342097789766011,-0.297881959792443,0.857492398575466,-2.9271373275241,"Down"
"SV2B",0.00341130324717363,-0.433314621794197,1.24697796776664,-2.92801797347269,"Down"
"RNF152",0.00340195315264339,-0.239997476340639,0.690455303562634,-2.92887123959521,"Down"
"CPNE9",0.00339181278279049,-0.0915386735073114,0.263266716320669,-2.92979904102652,"Down"
"EPHA5",0.00338617509071015,-0.388867975195341,1.11819334387482,-2.93031595916438,"Down"
"SP3",0.00335589094638664,-0.0923926113896361,0.265423047174085,-2.93310618573881,"Down"
"C7orf50",0.00332759582353574,-0.143848753185645,0.412874994504078,-2.93573395134481,"Down"
"UNC5D",0.00330349500404536,-0.169254482518323,0.485421818744213,-2.93798829061771,"Down"
"FBXL14",0.00327045157757797,-0.0768672578142079,0.220221767186069,-2.94110357605399,"Down"
"LYST",0.00325473071405711,-0.134748469647809,0.385853466215859,-2.94259579444483,"Down"
"AUTS2",0.00321933081917819,-0.175145663158208,0.500955038958649,-2.94598012819905,"Down"
"SDK1",0.00320419445763531,-0.269472071928489,0.770368153638174,-2.94743756869272,"Down"
"SYT11",0.00315713632896209,-0.171996795177286,0.490943865910946,-2.95200909370978,"Down"
"FUCA1",0.00313501289302062,-0.259492894477499,0.740146550769326,-2.95417980624206,"Down"
"TBC1D7",0.00313375554069268,-0.128862719930897,0.367537236315869,-2.95430359438041,"Down"
"RAPGEF6",0.00308191638047354,-0.184466062955458,0.525212526929002,-2.95944707111104,"Down"
"VSTM2A",0.00306538583232369,-0.169167064145947,0.481383667404577,-2.96110382570227,"Down"
"UBE2Q2P13",0.00303611022422689,-0.213926683653612,0.608145406082106,-2.96405803433938,"Down"
"NGF",0.00302594583867695,-0.0974912261485769,0.277049171367923,-2.96508980352658,"Down"
"RAMP2",0.00299958714433689,-0.0772926777645003,0.219450103587655,-2.96778023143378,"Down"
"FREM1",0.00291032100230703,-0.202588174291814,0.573398369540383,-2.9770546788012,"Down"
"TRIM2",0.00290787023036128,-0.217178005881748,0.61463958823885,-2.97731294894766,"Down"
"FLII",0.00289438547287294,-0.141913210825873,0.40143917926294,-2.97873757964199,"Down"
"ALCAM",0.00288808708359769,-0.332851862200426,0.941348887305529,-2.97940506543686,"Down"
"SNN",0.00285094575947291,-0.196291512610297,0.554400745473834,-2.98336843512733,"Down"
"MAPRE2",0.00283218504907452,-0.146457983643771,0.413372318718637,-2.98538835276923,"Down"
"PKIB",0.00282861566228191,-0.555575534141243,1.56788912848098,-2.98577404227684,"Down"
"CSRNP3",0.0028116640975408,-0.230835612584894,0.651040213852186,-2.98761182986592,"Down"
"SDF4",0.00278446581876827,-0.129366259993202,0.364497469618513,-2.99058175476296,"Down"
"SNAP91",0.00277960500730749,-0.134048817429934,0.377623491968482,-2.99111532149084,"Down"
"CRIP2",0.00272232518415633,-0.184949481497792,0.519909496530016,-2.99746790926666,"Down"
"GAB2",0.00272008474862312,-0.0773198664662262,0.217334849052457,-2.99771885699364,"Down"
"NACAD",0.00267097846747675,-0.186417842509614,0.523025284899543,-3.00326715883365,"Down"
"LINC03112",0.00263008663546504,-0.149401298911264,0.418515592391636,-3.00795894781234,"Down"
"SHF",0.0026240700004593,-0.178571794374995,0.500114747918024,-3.00865489556648,"Down"
"TXNIP",0.00262097335715545,-0.0734732348783724,0.205747315366903,-3.00901365493356,"Down"
"FNBP1",0.00262013871289569,-0.130968702948366,0.366740249848392,-3.009110418335,"Down"
"CYP2D6",0.00258195689315103,-0.107885611960892,0.301655880440693,-3.01356739150983,"Down"
"KDM5D",0.00257903457324355,-0.197244537713062,0.551446947454336,-3.01391099249637,"Down"
"TMEM222",0.00250878418831219,-0.100434192955422,0.280011636427941,-3.022279941599,"Down"
"COL20A1",0.0024875627888369,-0.263048713123262,0.732759537930251,-3.02485022669045,"Down"
"MAP1A",0.00247024753910112,-0.118762279210914,0.330598351860574,-3.02696231364453,"Down"
"GNAS",0.00246862178913893,-0.184457776940582,0.513441040479589,-3.02716131510778,"Down"
"AGPS",0.00242604811723858,-0.119989226442178,0.333413119238032,-3.0324157474066,"Down"
"PRKAG2",0.00241983650701414,-0.190418652184521,0.528979848386462,-3.03318942641636,"Down"
"TRPC5",0.00240120830395134,-0.0853563983027658,0.236936556900073,-3.03552058664097,"Down"
"ATP6V0A1",0.00238301861587994,-0.175254626547322,0.486113457368507,-3.03781290014848,"Down"
"GPR161",0.00236934332700506,-0.192138964624362,0.532642450558439,-3.03954686955669,"Down"
"STMN1",0.00236166630302932,-0.0874695888203311,0.24240288263428,-3.04052430395493,"Down"
"TOMM34",0.00235738261566074,-0.148030932932892,0.410161691703951,-3.04107096587626,"Down"
"HAND1",0.00235703640286349,-0.161103982034399,0.446377791696213,-3.04111518747064,"Down"
"SCAPER",0.00229895467895902,-0.117550246283621,0.324899839069678,-3.04861948807287,"Down"
"CD74",0.00229229258955544,-0.286907701268981,0.792764107305225,-3.04949131739563,"Down"
"FAAP20",0.00228972403964505,-0.148750755206363,0.410972721731723,-3.04982806878385,"Down"
"LPL",0.00227371383868621,-0.288357179731985,0.796131254366407,-3.05193493066181,"Down"
"CCDC88A",0.00226016166615538,-0.126293629435708,0.348481821806889,-3.05372897646587,"Down"
"DHX16",0.00224262447336227,-0.0869467913108536,0.239728744785748,-3.05606524798321,"Down"
"DYNC1LI2",0.00222716843900858,-0.146804872104686,0.404494421887587,-3.05813819140839,"Down"
"GALNT16",0.00222075901819842,-0.106263834899898,0.29270823651183,-3.05900168375492,"Down"
"HOXC10",0.00221547954419644,-0.104561265954768,0.287951323612869,-3.05971466410868,"Down"
"PGM3",0.00218717895408642,-0.150001862279771,0.412571249820829,-3.06356334420692,"Down"
"PAK5",0.00217234268504847,-0.257099921290369,0.706668507490435,-3.06559924561775,"Down"
"RALGPS1",0.00217126540767226,-0.147217761850199,0.404625260918567,-3.06574757049397,"Down"
"CREB5",0.00216849481319425,-0.278183804003846,0.764487772576428,-3.06612934973268,"Down"
"CLU",0.00210826059657179,-0.161796084906684,0.443421511217003,-3.07454196436153,"Down"
"ZNF710-AS1",0.00204083887484624,-0.108718011354475,0.297019364728715,-3.08422397829649,"Down"
"SORBS2",0.00203033077171974,-0.390812638640162,1.0671751939011,-3.08575934415641,"Down"
"SORL1",0.00200922376124804,-0.115741543076211,0.315732613147631,-3.0888655030473,"Down"
"SBF1",0.00197007740443711,-0.111785920143151,0.30436647399509,-3.09470650066972,"Down"
"SYNM",0.00193919513366124,-0.292805268456652,0.796034373073398,-3.0993900889797,"Down"
"PBX1",0.00192870451014599,-0.119956076658534,0.325949354804615,-3.10099668316055,"Down"
"MAP2K6",0.00192672411476008,-0.2560559939319,0.695697142594155,-3.10130087230842,"Down"
"DDC",0.00192443787827976,-0.564052283093963,1.53234096233864,-3.1016523959512,"Down"
"ADAMTS10",0.00190741900808632,-0.192407013489039,0.522262697519872,-3.10428127600769,"Down"
"KCNT2",0.00190253278322962,-0.0505214867221771,0.137100201788431,-3.10504002424106,"Down"
"FCGRT",0.00189535813556274,-0.149371555386708,0.405203904823192,-3.10615737548213,"Down"
"CRIP3",0.00186492645498624,-0.121929042793136,0.330251396928971,-3.11094028921235,"Down"
"TSLP",0.00184773884749433,-0.0550139081044774,0.148877343982544,-3.1136734233413,"Down"
"PRND",0.0018018079480075,-0.174729846894536,0.471725644720478,-3.12109353446314,"Down"
"BLCAP",0.00179478973674203,-0.184418072480663,0.49769812864719,-3.12224260080375,"Down"
"RGMA",0.0017856847772828,-0.220413274658495,0.594555105654664,-3.12373949295035,"Down"
"RNF182",0.0017661104159926,-0.271874086222852,0.73260803476933,-3.1269814979309,"Down"
"AHI1",0.00175128741946183,-0.199644069471133,0.537546917712012,-3.12945861144615,"Down"
"GNB1",0.00172846148639884,-0.232552127825208,0.625382865189991,-3.13331107741615,"Down"
"PLCXD2",0.00172011334423882,-0.141658465712103,0.380777543298503,-3.13473173441014,"Down"
"TUBB3",0.0017174074808038,-0.252285471637506,0.678042718106742,-3.13519356944027,"Down"
"FMN2",0.00171240603721733,-0.224601298919625,0.603474052164033,-3.13604897701932,"Down"
"TRPV2",0.0017046310951079,-0.36223535344879,0.972864656475216,-3.13738331532937,"Down"
"ATXN1",0.00166853940874845,-0.176750974483567,0.473758022231856,-3.14365164000228,"Down"
"LIMK2",0.00164731162697549,-0.104546781447958,0.279890606119251,-3.14739694553629,"Down"
"CADM3-AS1",0.0016345726337507,-0.166783704999721,0.446188425960402,-3.14966591755034,"Down"
"SNPH",0.00162837620822702,-0.13815532071119,0.369470130994141,-3.15077546631817,"Down"
"KCNK10",0.00162448640410048,-0.357863948935978,0.95682695108368,-3.15147397211136,"Down"
"NDRG4",0.00159784150795771,-0.231833314325126,0.618908823441664,-3.15630050005177,"Down"
"SLC4A3",0.00156581606047171,-0.170124651623938,0.453322205393347,-3.16220069883607,"Down"
"DGKD",0.00154146836661568,-0.181889662210688,0.4839738247202,-3.16676121248039,"Down"
"HEMK1",0.00152239438845848,-0.0676570571394568,0.179817058847077,-3.17038049851676,"Down"
"MARCKS",0.00152075054509312,-0.167753075038995,0.44580535694943,-3.17069436953806,"Down"
"ROBO3",0.00149477536871497,-0.123611340575196,0.327980918029451,-3.17569593867708,"Down"
"ACHE",0.00149441467795025,-0.109768594660078,0.291245209147726,-3.17576595235171,"Down"
"LINC-PINT",0.0014544113819839,-0.244136024601717,0.646157737531577,-3.18362930417035,"Down"
"CNR1",0.00144335443662087,-0.36485053788926,0.964984840208618,-3.18583790022467,"Down"
"ERC2",0.00143912128252833,-0.238235464340047,0.62993551953284,-3.18668759193027,"Down"
"LAMA4",0.0014380559380602,-0.348280931683185,0.920852753933665,-3.18690179398141,"Down"
"MOB3C",0.00141668792311979,-0.131534075251385,0.3473037224169,-3.19122930969913,"Down"
"TAX1BP1",0.00139712685190432,-0.158403342276148,0.417724061543143,-3.19524396478341,"Down"
"DLC1",0.00139315360667452,-0.32223357008838,0.84954082166924,-3.19606575017197,"Down"
"ANKRD12",0.00134273088566052,-0.166892703861549,0.438540773910377,-3.20668681784918,"Down"
"ADGRG1",0.00133933722264007,-0.206838807125947,0.543383027047305,-3.20741480870113,"Down"
"RUNDC3B",0.00133542695761995,-0.256440359710267,0.673513915249621,-3.20825573144258,"Down"
"COPG2",0.00132275458805051,-0.32494436481452,0.852704051418046,-3.21099668908979,"Down"
"CDC42",0.00130594188847567,-0.309557908409927,0.811399190916068,-3.2146708167017,"Down"
"CNP",0.00127266349576739,-0.150791036478729,0.394338533613284,-3.2220738008533,"Down"
"ULK1",0.00125400825500985,-0.130886856934952,0.341837854122924,-3.22630231430608,"Down"
"DNAJB2",0.00124117465433573,-0.179181780940909,0.467543487733315,-3.22924511290332,"Down"
"SRGAP3",0.00122548392099115,-0.176506246043403,0.460044103838492,-3.23288148386958,"Down"
"DLG4",0.00120021466037294,-0.14414298278594,0.375002917460517,-3.23882910013517,"Down"
"QPCT",0.00119184525868321,-0.264325444065318,0.687246645116289,-3.24082452258293,"Down"
"RILP",0.0011823742214731,-0.104068443090852,0.270388441900101,-3.24309826996519,"Down"
"MIR137HG",0.00116681919748061,-0.272074433510632,0.706077037685445,-3.24686939788859,"Down"
"OSBPL9",0.00114075607049606,-0.174436566592385,0.451797121557374,-3.2532934936803,"Down"
"TFAP2B",0.00113382075492956,-0.586178882391182,1.51741688059777,-3.25502577443021,"Down"
"NDUFB9",0.00111783671656476,-0.28307771907251,0.731885365095771,-3.25905581954353,"Down"
"FRZB",0.00110786323581671,-0.358113684222739,0.925166128828166,-3.26159750671681,"Down"
"ANK3",0.00108621456197864,-0.29838662138924,0.769545624875083,-3.26718817035174,"Down"
"APBB3",0.00108402526018225,-0.116242400828426,0.29973930085579,-3.26775927139819,"Down"
"RCN1P2",0.00108047968536633,-0.173535865698194,0.447347649832487,-3.26868643646243,"Down"
"EMC1-AS1",0.0010768923613775,-0.100501351706473,0.259001819337583,-3.26962738737229,"Down"
"KIF3A",0.0010577875310567,-0.185885799808979,0.478305603698797,-3.2746879354637,"Down"
"C11orf87",0.00104702559342652,-0.166774260406222,0.428751284118213,-3.27757594798501,"Down"
"BSDC1",0.00103424684501559,-0.163774125528838,0.420593733113973,-3.28104106654157,"Down"
"TRIL",0.0010307613676474,-0.34297084025326,0.880539234063185,-3.28199307425606,"Down"
"CELF2",0.00102854879054388,-0.179613729576812,0.461053027680007,-3.28259895472029,"Down"
"CDKN1B",0.00100247002767708,-0.151558439200996,0.388182094175386,-3.28983259985054,"Down"
"GAP43",0.000997192436014505,-0.414075206868897,1.06007990820715,-3.29131764824893,"Down"
"ARHGEF7",0.000996657320884568,-0.328866267324251,0.841896653488045,-3.29146862900429,"Down"
"FBXO16",0.000992655208917335,-0.158185494900446,0.404815219823163,-3.29260019560885,"Down"
"TARDBP",0.000979262257729815,-0.240367838026862,0.614417059744101,-3.2964179163783,"Down"
"PDE4DIPP6",0.000940639900799846,-0.159433707339206,0.406146400728368,-3.30770454822126,"Down"
"CAVIN2-AS1",0.000929285067080814,-0.563712680223847,1.43454472920945,-3.31110447509184,"Down"
"PRKACB",0.000926671940605446,-0.197605042109508,0.502748731182517,-3.31189235790445,"Down"
"MCF2L",0.000924685155566873,-0.210470510625016,0.535384125397471,-3.31249277151554,"Down"
"P2RY14",0.000918090369571892,-0.212893119984392,0.541219603367378,-3.31449434482073,"Down"
"CLASP1",0.00091060524421284,-0.165606278089271,0.42071596962509,-3.31678235033957,"Down"
"CCDC115",0.000906377138967498,-0.173201732254401,0.439839498660132,-3.31808248553159,"Down"
"PRKCB",0.000902652473757166,-0.439616551529091,1.11600345243137,-3.3192324789687,"Down"
"PIK3CD",0.000896504710260715,-0.19639681970891,0.498283386866644,-3.32114026166737,"Down"
"CYFIP2",0.000888200414709223,-0.180482904836333,0.457550091221993,-3.32373660682112,"Down"
"TMEM132C",0.000857204182258911,-0.41925387411779,1.05971427536315,-3.33363060065443,"Down"
"ACYP2",0.000854150934350593,-0.210839677534885,0.532763872526527,-3.33462307159105,"Down"
"AFF3",0.000849779257009106,-0.103147305688676,0.26052807554099,-3.33604984655733,"Down"
"RING1",0.000831592891825618,-0.122910376060984,0.309887150671906,-3.34205931133877,"Down"
"AMZ1",0.000811169174828886,-0.141149655780562,0.355140059258598,-3.34895517707078,"Down"
"KIF1B",0.000806942615559755,-0.240970298907773,0.606032240374441,-3.35040232880918,"Down"
"KIF3C",0.000795052013967915,-0.128308134427377,0.322295364054771,-3.35451166346343,"Down"
"GNB5",0.000788609303564867,-0.185944816062471,0.466758982047181,-3.35676211910526,"Down"
"GPR85",0.000780760903880093,-0.127206791653099,0.319051924966167,-3.35952675649242,"Down"
"NTRK3",0.000775278437520407,-0.36093607024013,0.90475249670271,-3.36147332830668,"Down"
"YWHAG",0.000774476272976177,-0.216133601786928,0.541732463670341,-3.36175921105764,"Down"
"MSL1",0.000769853830784248,-0.186007188449067,0.465992403071794,-3.36341197501842,"Down"
"MMP9",0.000766479092392061,-0.417014929662753,1.04434545629689,-3.36462444855032,"Down"
"KALRN",0.000745843024163097,-0.20054792446401,0.501118796189157,-3.37214820334846,"Down"
"MAD2L2",0.000735901102487549,-0.156126789786077,0.389694669233258,-3.37584221239441,"Down"
"CDH6",0.00072672176870797,-0.461895007076535,1.15171873278847,-3.37929426543769,"Down"
"USP24",0.000724674767575677,-0.153956024726256,0.383795802201603,-3.3800695979078,"Down"
"BSN",0.000701884746347569,-0.191469363455256,0.476076959693641,-3.38884186810244,"Down"
"TPPP3",0.000699451210485849,-0.29347254430095,0.729496687358992,-3.38979416280478,"Down"
"TUBB2A",0.000698962738868588,-0.308861045076207,0.767705137462512,-3.38998568319334,"Down"
"ZNF521",0.000683555538055044,-0.24388889898225,0.605120477248756,-3.3960913043019,"Down"
"TRIT1",0.000678165274414027,-0.192663518707798,0.477718833738645,-3.39825761474421,"Down"
"MAPK7",0.000609743625392459,-0.12809616288265,0.314934633568403,-3.42724279507979,"Down"
"PHF1",0.000594818019130889,-0.105339586516948,0.258478692264698,-3.4339663562183,"Down"
"INPP1",0.000584396002557466,-0.178738356372164,0.437971355835541,-3.4387549343952,"Down"
"ZMPSTE24-DT",0.000578013335383152,-0.166053314468133,0.406537215270875,-3.44172696983858,"Down"
"CACNA2D3",0.000577206282297878,-0.383737080164808,0.93937464612914,-3.44210494110519,"Down"
"KHDRBS1",0.000555280474141467,-0.13705874508095,0.334498262510688,-3.4525665547778,"Down"
"DST",0.00055351158803043,-0.280738316865206,0.684984201791745,-3.45342724516566,"Down"
"PTPRF",0.000549344851611725,-0.270848862326427,0.66046485525659,-3.45546483161508,"Down"
"SCN9A",0.000548667104462886,-0.29718041135303,0.724604543369895,-3.45579761902833,"Down"
"SCG2",0.000547648593731656,-0.537538385277284,1.31047101688824,-3.45629844903625,"Down"
"MVB12B",0.000536482512232776,-0.177967064820902,0.433172593930974,-3.46184676473891,"Down"
"SPAG7",0.000528117760254554,-0.156378872916506,0.380162621103949,-3.46607407306016,"Down"
"C1QTNF2",0.000515818899806159,-0.271080365322117,0.65780467019407,-3.47240429001155,"Down"
"ADGRB3",0.000515354138212863,-0.262942123083904,0.638011922506058,-3.47264625099685,"Down"
"ALDH3A2",0.000514356835138943,-0.199431426485785,0.483834921156659,-3.47316614730942,"Down"
"MARCHF6",0.00051010184086686,-0.126165645068359,0.305890597688242,-3.47539489480772,"Down"
"ESYT2",0.000509195543789715,-0.189181686149567,0.458611045484653,-3.47587184725065,"Down"
"SCN2A",0.000501029977519729,-0.27731193454833,0.671417860604688,-3.48020514719264,"Down"
"ARHGAP8",0.000485071691234202,-0.0792795937590984,0.191472375547003,-3.48886741004972,"Down"
"GFRA3",0.000484464757192224,-0.277768222046137,0.670788503815007,-3.48920207767177,"Down"
"DENND5B",0.000483178564674503,-0.161842157158642,0.390756565296413,-3.48991258738854,"Down"
"TRAF3IP2",0.000480006047204184,-0.204530788901872,0.493576348512145,-3.49167269807031,"Down"
"CDH12",0.000476243606678038,-0.170343550126885,0.410827997772523,-3.49377421705922,"Down"
"PTPRD",0.000461687027405125,-0.299688115852995,0.721067511289795,-3.50205342756524,"Down"
"BEND5",0.000456411398782717,-0.213411854065726,0.513033277725928,-3.50511423683849,"Down"
"RAB3C",0.000449690937196989,-0.40417153091426,0.970518718426678,-3.5090614831813,"Down"
"FXYD6-AS1",0.000445317565629111,-0.196832438318451,0.472295061679781,-3.51165985007751,"Down"
"ENO2",0.000442391351052925,-0.195237607369309,0.468234707561136,-3.51341174518892,"Down"
"NRXN2",0.000418535274821968,-0.302226014057022,0.721802984775457,-3.52811184424069,"Down"
"DOCK4",0.000407070655277052,-0.202048102694101,0.481546692912937,-3.53545689284677,"Down"
"ADGRB2",0.000402641949743092,-0.217258321456227,0.517374817009125,-3.53834608078108,"Down"
"FGD6",0.00039840706129015,-0.251193377956234,0.597715701661101,-3.54113672906223,"Down"
"PRDM2",0.000396515284259361,-0.190795894542559,0.453838717443832,-3.54239231191581,"Down"
"CTNND2",0.000392907030203576,-0.389837658742416,0.9266610169131,-3.54480272703222,"Down"
"RAMP3",0.000382169126875054,-0.156063440906429,0.370207429245613,-3.55210031812298,"Down"
"LINC01089",0.000372203629503719,-0.0958305729891567,0.226881767353517,-3.5590465037138,"Down"
"BTBD3",0.000372141699053222,-0.302401746331025,0.715936448547195,-3.5590902117443,"Down"
"PHLDB1",0.000368463424247426,-0.161449802475851,0.381952663904778,-3.56169846442127,"Down"
"PUM1",0.000368319113083456,-0.152024728363199,0.359644748805009,-3.56180129049871,"Down"
"LMBRD1",0.000357043171723911,-0.183921431153643,0.434109035315735,-3.56995454902334,"Down"
"SRPRB",0.000336043624862714,-0.264477271739583,0.621485790130933,-3.58580218352102,"Down"
"IL32",0.00033551652035182,-0.179923977200556,0.422748703984462,-3.58621177401214,"Down"
"ATP2A3",0.000334060754154722,-0.157129510434385,0.369074168786558,-3.58734612356926,"Down"
"KIF5C",0.000331306677345708,-0.308326495609041,0.723778165878893,-3.58950484211636,"Down"
"PDE11A",0.000329670470901711,-0.215522175576625,0.505743706987346,-3.59079530948052,"Down"
"TP63",0.000324212924467343,-0.195652444909703,0.458562180589071,-3.59514341583839,"Down"
"FAM222B",0.000316300853027918,-0.214410704458414,0.501630276216153,-3.60157030864772,"Down"
"PHC2",0.0003064136938381,-0.15744905391996,0.367522645569985,-3.60981649965258,"Down"
"BASP1",0.000304847864022185,-0.329663593295139,0.769228214689999,-3.61114524769193,"Down"
"MMP15",0.000303919878421357,-0.183431338467315,0.427920106952855,-3.61193574666519,"Down"
"CHRFAM7A",0.000303852548252267,-0.262628074577366,0.612665466130391,-3.61199318937758,"Down"
"EZH1",0.00029860833206593,-0.180350892676442,0.420202354905497,-3.61650432387396,"Down"
"ERAL1",0.000297851543942576,-0.111844780839779,0.260541557405764,-3.6171614389959,"Down"
"TSHZ2",0.000295659965302629,-0.285448323498149,0.664598412468388,-3.61907323456315,"Down"
"BACE1",0.000294439889996193,-0.204030726667684,0.474896520255708,-3.62014331102324,"Down"
"NCAM1",0.00028919634651947,-0.276163910876934,0.641967803575362,-3.62479000042563,"Down"
"MAP7D1",0.00027857320581563,-0.226808281250642,0.525834728213034,-3.63445098825871,"Down"
"AMPH",0.000267509981968243,-0.207125335108637,0.478826751793265,-3.64488635797492,"Down"
"MAP3K2",0.000267446204162054,-0.161218881419514,0.372695182506363,-3.64494768075408,"Down"
"CASD1",0.00026255860345513,-0.215547229361927,0.497640629769814,-3.64968840795194,"Down"
"MACF1",0.000257411402803335,-0.153079098615655,0.352926990504669,-3.65477123252572,"Down"
"ZMYM4",0.000252637071526315,-0.142567906341195,0.328262049258852,-3.65957177928845,"Down"
"BGLAP",0.000251581511451995,-0.117494742375479,0.270451901679696,-3.6606446124719,"Down"
"NECTIN3",0.000248554618118226,-0.336606509703749,0.774152448997794,-3.6637446139475,"Down"
"UBE4B",0.000241792655245705,-0.13816696496075,0.31715582340885,-3.67079982310048,"Down"
"PTPRH",0.000238148908417065,-0.266409385664049,0.610884804695989,-3.67467870755488,"Down"
"RPH3AL",0.00022933904552076,-0.172313563895281,0.394089237102667,-3.6842921872367,"Down"
"CD226",0.000228074884706653,-0.122223121983144,0.279423265552138,-3.6857000061901,"Down"
"B3GALT6",0.000215109624861178,-0.212177568010352,0.483124623671708,-3.70057719885212,"Down"
"ST7-AS1",0.000212618138947905,-0.214885228514893,0.488899514896528,-3.70353224812042,"Down"
"GLS",0.000206464247886174,-0.297836975265866,0.676269825136911,-3.71097285180799,"Down"
"ULK2",0.000204764996809047,-0.236504351960445,0.536705275486998,-3.71306410174275,"Down"
"PICK1",0.000203043560087985,-0.105469087411776,0.239206094931102,-3.71519934401262,"Down"
"ATP6V0B",0.000199450575312858,-0.270036107624244,0.611704635777478,-3.71971136709706,"Down"
"APBA2",0.00019734945488495,-0.216191338356965,0.489379894935138,-3.72238544229667,"Down"
"MAPK11",0.000189920123766419,-0.191062893940268,0.431376904289582,-3.73206016462224,"Down"
"AKR1C1",0.000187896676873647,-0.34191379784666,0.771406821413592,-3.73475679783603,"Down"
"FMO3",0.000181129240501336,-0.189557876690213,0.426616527787616,-3.74397838724194,"Down"
"ZNF436-AS1",0.000179198997560763,-0.215139783358613,0.483843252699459,-3.74666801001028,"Down"
"WIPF2",0.000174139210434217,-0.124146343146199,0.278667428740092,-3.75384983408906,"Down"
"SSBP3P1",0.000167754551985352,-0.169350899517786,0.379192431074386,-3.76319759209296,"Down"
"STX1A",0.000163367788405364,-0.195027968295955,0.435919091747184,-3.76981623868191,"Down"
"EXOSC10",0.000155856826047995,-0.20097792789219,0.4478246994253,-3.78154693945083,"Down"
"PTPRA",0.000154738990948555,-0.189698618236898,0.422491706185604,-3.78333810019575,"Down"
"TMEM106B",0.000152211062906258,-0.219778860330745,0.488956260527019,-3.78743405827102,"Down"
"CAMTA2",0.000150703354422482,-0.232353994923335,0.516595597134824,-3.78990756498629,"Down"
"CD163L1",0.000149956426543578,-0.288456217926717,0.641119629287767,-3.79114159701317,"Down"
"ELAVL3",0.000148952275338571,-0.193566336997421,0.430029201089889,-3.79280974978363,"Down"
"BAZ2B",0.000147771309022298,-0.25510387049762,0.566446658908898,-3.79478524009733,"Down"
"SLC25A26",0.000146953049143589,-0.234290482293623,0.520042692786342,-3.79616274129031,"Down"
"RABGAP1L",0.000138592964330249,-0.207124734963017,0.457994503197962,-3.81066590612217,"Down"
"VGLL4",0.000134348179132961,-0.193027349846988,0.425963597081383,-3.81834826091791,"Down"
"SOX6",0.000133498701146193,-0.199218938713575,0.439446807473483,-3.81991309688856,"Down"
"GPD2",0.000123381187553862,-0.138365008175909,0.303670361916988,-3.83930876525807,"Down"
"CLDND1",0.000116247248963285,-0.0615479112497387,0.134567796220997,-3.85390808930809,"Down"
"DNM3",0.000109485155153723,-0.269865815026768,0.587799214250379,-3.86854851273628,"Down"
"CPLANE1",0.000106884679349316,-0.148136837840558,0.322171419628214,-3.87440693531951,"Down"
"CADM1",0.000103359787524182,-0.380150734661824,0.825023119307265,-3.88256638108899,"Down"
"POLDIP2",0.000102268129521555,-0.157520495462056,0.341632221525345,-3.88514666790515,"Down"
"EPS8L1",0.000100883443388642,-0.190675928493638,0.413188016950721,-3.88845722943238,"Down"
"PAFAH1B1",9.87810217534762e-05,-0.225401488156703,0.487796110898824,-3.89356670926627,"Down"
"CALCOCO1",9.80815354194239e-05,-0.124236903443406,0.268744793437989,-3.89528943938903,"Down"
"CHST12",9.660475473032e-05,-0.195746762494881,0.423033178914095,-3.89896495265489,"Down"
"CEP104",9.65026261574328e-05,-0.196005140650075,0.423563740388029,-3.89922109460318,"Down"
"NCOA1",9.21062601231327e-05,-0.16674791967182,0.359300316473597,-3.91049737809954,"Down"
"NDFIP1",8.78964641145801e-05,-0.21004913292262,0.45130132433871,-3.92178209608683,"Down"
"IFT20",8.70749860611676e-05,-0.156093860735754,0.335182378675395,-3.924043544385,"Down"
"SNIP1",8.54810234042423e-05,-0.164345294551983,0.352501389665558,-3.92848966560286,"Down"
"PLXNC1",8.5300667187072e-05,-0.207587769407921,0.445193859754358,-3.92899766649043,"Down"
"CAMK2G",8.31409390750237e-05,-0.175940629719601,0.376732259049658,-3.93516101048546,"Down"
"C6orf136",8.20958243755763e-05,-0.146828269783975,0.314153066832489,-3.93819804024325,"Down"
"AGRN",8.1583231265617e-05,-0.150112573196498,0.321057621078535,-3.93970098059496,"Down"
"KIAA0408",7.78583785872429e-05,-0.227711652799444,0.485644606414316,-3.95089838586352,"Down"
"SYTL1",7.78238078366591e-05,-0.146903964853294,0.313296215928324,-3.95100466330076,"Down"
"SPTAN1",7.4022736333206e-05,-0.240744641685818,0.511876150951814,-3.96297112917327,"Down"
"ZFHX3-AS1",6.70395520735242e-05,-0.324734835339213,0.686373136762013,-3.98655514410775,"Down"
"WSB1",5.92743416930988e-05,-0.3153515590404,0.661705785151867,-4.01568117931632,"Down"
"CACNB1",5.82551436732959e-05,-0.148800401320296,0.311912041690621,-4.01976935881557,"Down"
"PPIP5K2",4.8204362664815e-05,-0.180495828250355,0.374218133158867,-4.06416671857358,"Down"
"GABBR1",4.55969704531581e-05,-0.183177948719741,0.378572336484813,-4.0771199644105,"Down"
"RNF167",3.9124852777071e-05,-0.173971080375598,0.356443785829491,-4.11258784056156,"Down"
"ERC1",3.69646969535176e-05,-0.161753604131989,0.330360409551259,-4.12567624740076,"Down"
"NRCAM",3.61452224018026e-05,-0.341071943728939,0.695724997853072,-4.13083228309608,"Down"
"PCLO",3.56718706897684e-05,-0.163652346926621,0.333576543888373,-4.13386136165791,"Down"
"ARRB2",3.0873037554871e-05,-0.128658630081448,0.260166862254304,-4.16692916724462,"Down"
"NRBP2",3.04928248539045e-05,-0.164347223153515,0.332109335350381,-4.16975426371605,"Down"
"SERINC1",2.9420836567289e-05,-0.280749898112806,0.566226736761914,-4.17790354413661,"Down"
"NLRP1",2.86271653257229e-05,-0.441761177406189,0.889636288041248,-4.18412096587801,"Down"
"STX12",2.71725931802433e-05,-0.267891695802523,0.537969623092472,-4.19595355374601,"Down"
"FLOT1",2.7148984497831e-05,-0.217576403902492,0.436907912101857,-4.19615052877346,"Down"
"RNF11",2.69619968961605e-05,-0.32237495003053,0.64710889180279,-4.1977164067548,"Down"
"SLCO3A1",2.68974547745653e-05,-0.439850715726459,0.882805883922962,-4.19825929578125,"Down"
"SLC29A1",2.51381858007488e-05,-0.208361011282019,0.416674496685481,-4.21355542976278,"Down"
"TRAPPC1",2.4390911466009e-05,-0.194594006855991,0.388515916386699,-4.22036312432328,"Down"
"MAP2K4",2.18148073871076e-05,-0.241563041710552,0.479441020504065,-4.24545727642823,"Down"
"ZZEF1",2.17160758965156e-05,-0.164946910675655,0.327299143631983,-4.24647421485034,"Down"
"ZNF362",1.92860718092447e-05,-0.181954215606732,0.358804956907006,-4.27299969816333,"Down"
"YIPF4",1.67862458484869e-05,-0.255959868620156,0.501123621768822,-4.30384059985687,"Down"
"ALDOC",1.65423835500799e-05,-0.212880390440537,0.416468251553144,-4.30707994411268,"Down"
"PTPRN2",1.49610176102374e-05,-0.356902320677129,0.694647894533177,-4.32926153247856,"Down"
"MED9",1.45772230103657e-05,-0.145508147422741,0.28283243628677,-4.33498172804444,"Down"
"HECTD4",1.33047578478418e-05,-0.150777110337056,0.29172473613406,-4.35503183892825,"Down"
"DNAAF9",1.28799038436181e-05,-0.237896460387386,0.459534370791504,-4.36213552923143,"Down"
"TRNAU1AP",1.27244549654541e-05,-0.173602965888855,0.335137398875267,-4.36479066960697,"Down"
"OLA1",1.26963613551236e-05,-0.227044264341788,0.438256351070971,-4.36527382161028,"Down"
"FYN",1.26075265341505e-05,-0.258904248314981,0.49957905282471,-4.36680833769692,"Down"
"CYB5D2",9.71449592297911e-06,-0.176952614151167,0.337075157031374,-4.4234325742791,"Down"
"WNK1",9.40208796513603e-06,-0.150933175025385,0.287053269379246,-4.43048616465919,"Down"
"USP15",8.04176294359457e-06,-0.218464524847725,0.412362529784454,-4.46406904976296,"Down"
"BICD1",7.37841416547998e-06,-0.18488129006086,0.347539986809179,-4.48246964216587,"Down"
"ZBTB4",6.26344111610422e-06,-0.236890078302474,0.441873061506615,-4.51729569743469,"Down"
"TRIO",5.313420899691e-06,-0.323053788430283,0.597998646283064,-4.55201633486154,"Down"
"CTNNBIP1",1.68330239382484e-06,-0.256603894062661,0.451570068765389,-4.78814472727069,"Down"
"ING4",8.2410538827998e-07,-0.213739288393733,0.365346070139441,-4.92957062800853,"Down"
"B9D1",6.5859727446661e-07,-0.283235644146778,0.479890271106658,-4.97319096129874,"Down"
"NEURL4",4.23935582835216e-08,-0.182053536498813,0.279899313013577,-5.4805792438691,"Down"
